mlipp_kd,76,0.000614768
mlipp_kd,98,0.000627311
mlipp_kd,113,0.000569612
mlipp_kd,101,0.000625899
mlipp_kd,80,0.00064056
mlipp_kd,103,0.000632242
mlipp_kd,91,0.000568177
mlipp_kd,93,0.00064062
mlipp_kd,83,0.000575555
mlipp_kd,101,0.000641976
mlipp_kd,192,0.000871369
mlipp_kd,201,0.000780136
mlipp_kd,219,0.000914427
mlipp_kd,218,0.000787285
mlipp_kd,196,0.000773827
mlipp_kd,206,0.000891459
mlipp_kd,224,0.000813941
mlipp_kd,206,0.00086823
mlipp_kd,218,0.00088923
mlipp_kd,208,0.000806803
mlipp_kd,270,0.0010625
mlipp_kd,313,0.000997231
mlipp_kd,279,0.0010876
mlipp_kd,306,0.00096573
mlipp_kd,310,0.00104977
mlipp_kd,315,0.00106084
mlipp_kd,279,0.00101467
mlipp_kd,306,0.00104091
mlipp_kd,296,0.00109995
mlipp_kd,315,0.00110677
mlipp_kd,417,0.00128147
mlipp_kd,396,0.00127244
mlipp_kd,388,0.00124492
mlipp_kd,384,0.0011292
mlipp_kd,414,0.00129097
mlipp_kd,389,0.00115556
mlipp_kd,399,0.00111558
mlipp_kd,406,0.0011914
mlipp_kd,379,0.00117938
mlipp_kd,403,0.00112209
mlipp_kd,544,0.00130731
mlipp_kd,564,0.00142299
mlipp_kd,509,0.00143705
mlipp_kd,482,0.00139385
mlipp_kd,512,0.00137892
mlipp_kd,481,0.0013914
mlipp_kd,468,0.00141051
mlipp_kd,488,0.00125208
mlipp_kd,523,0.00142031
mlipp_kd,549,0.00123599
mlipp_kd,589,0.00144831
mlipp_kd,577,0.00158357
mlipp_kd,606,0.00156863
mlipp_kd,609,0.00150287
mlipp_kd,597,0.00138307
mlipp_kd,573,0.00134918
mlipp_kd,622,0.00151149
mlipp_kd,553,0.00138173
mlipp_kd,569,0.00155041
mlipp_kd,584,0.00157052
mlipp_kd,685,0.00155607
mlipp_kd,656,0.00154482
mlipp_kd,756,0.00164694
mlipp_kd,706,0.00165725
mlipp_kd,691,0.00153184
mlipp_kd,679,0.00171365
mlipp_kd,683,0.00156504
mlipp_kd,715,0.00166346
mlipp_kd,684,0.00148322
mlipp_kd,700,0.00158399
mlipp_kd,831,0.00179394
mlipp_kd,829,0.00158771
mlipp_kd,825,0.00181535
mlipp_kd,748,0.00180325
mlipp_kd,793,0.00156635
mlipp_kd,740,0.00169504
mlipp_kd,828,0.00176508
mlipp_kd,791,0.00164069
mlipp_kd,825,0.00181486
mlipp_kd,812,0.00165194
mlipp_kd,878,0.00166038
mlipp_kd,950,0.00183277
mlipp_kd,905,0.00197682
mlipp_kd,897,0.00181486
mlipp_kd,884,0.00194358
mlipp_kd,837,0.00191557
mlipp_kd,901,0.00176852
mlipp_kd,873,0.00183554
mlipp_kd,902,0.00173207
mlipp_kd,916,0.00192263
mlipp_kd,984,0.00196584
mlipp_kd,1026,0.00186775
mlipp_kd,1051,0.00202152
mlipp_kd,968,0.00201369
mlipp_kd,990,0.00175267
mlipp_kd,940,0.00188887
mlipp_kd,991,0.00172046
mlipp_kd,967,0.00190377
mlipp_kd,1005,0.00181643
mlipp_kd,1042,0.00186464
mlipp_kd,1088,0.00210464
mlipp_kd,1060,0.00199949
mlipp_kd,1107,0.00213424
mlipp_kd,1118,0.00209977
mlipp_kd,1104,0.00194521
mlipp_kd,1161,0.00211398
mlipp_kd,1064,0.00190898
mlipp_kd,1077,0.0021671
mlipp_kd,1105,0.00188682
mlipp_kd,1089,0.00213324
mlipp_kd,1184,0.00214405
mlipp_kd,1215,0.00203332
mlipp_kd,1211,0.00221244
mlipp_kd,1219,0.00221364
mlipp_kd,1187,0.00210735
mlipp_kd,1154,0.00219372
mlipp_kd,1201,0.00224412
mlipp_kd,1192,0.00222035
mlipp_kd,1176,0.00219091
mlipp_kd,1231,0.00218672
mlipp_kd,1347,0.00231982
mlipp_kd,1268,0.00211849
mlipp_kd,1348,0.00214129
mlipp_kd,1221,0.00211096
mlipp_kd,1251,0.00216603
mlipp_kd,1294,0.00207478
mlipp_kd,1339,0.00206369
mlipp_kd,1303,0.00199057
mlipp_kd,1308,0.00227577
mlipp_kd,1315,0.00216317
mlipp_kd,1398,0.00227486
mlipp_kd,1377,0.00224676
mlipp_kd,1388,0.00213091
mlipp_kd,1407,0.00218903
mlipp_kd,1395,0.00235937
mlipp_kd,1392,0.00206924
mlipp_kd,1418,0.00208969
mlipp_kd,1357,0.00206598
mlipp_kd,1433,0.00213441
mlipp_kd,1376,0.00217955
mlipp_kd,1491,0.0022256
mlipp_kd,1504,0.00249588
mlipp_kd,1478,0.00241795
mlipp_kd,1418,0.00247752
mlipp_kd,1555,0.00227369
mlipp_kd,1461,0.00244389
mlipp_kd,1511,0.00248056
mlipp_kd,1431,0.00243892
mlipp_kd,1534,0.00214003
mlipp_kd,1527,0.00225018
mlipp_kd,1569,0.00249371
mlipp_kd,1589,0.00223734
mlipp_kd,1597,0.00225715
mlipp_kd,1601,0.00254692
mlipp_kd,1598,0.00241143
mlipp_kd,1556,0.00259767
mlipp_kd,1541,0.00244364
mlipp_kd,1561,0.0023531
mlipp_kd,1678,0.0024628
mlipp_kd,1590,0.00239216
mlipp_kd,1667,0.00256323
mlipp_kd,1730,0.00262269
mlipp_kd,1698,0.00238285
mlipp_kd,1740,0.00235176
mlipp_kd,1683,0.00260698
mlipp_kd,1688,0.00244019
mlipp_kd,1699,0.00271994
mlipp_kd,1676,0.00261221
mlipp_kd,1668,0.00227336
mlipp_kd,1680,0.00232139
mlipp_kd,1767,0.00258867
mlipp_kd,1783,0.00264036
mlipp_kd,1766,0.00242677
mlipp_kd,1757,0.00251832
mlipp_kd,1854,0.00281935
mlipp_kd,1795,0.00271221
mlipp_kd,1777,0.00260834
mlipp_kd,1804,0.00274299
mlipp_kd,1809,0.00236385
mlipp_kd,1797,0.00272486
mlipp_kd,1888,0.00274164
mlipp_kd,1858,0.00265417
mlipp_kd,1892,0.00280029
mlipp_kd,1885,0.00244053
mlipp_kd,1890,0.0024829
mlipp_kd,1882,0.00274576
mlipp_kd,1888,0.00254247
mlipp_kd,1869,0.00258334
mlipp_kd,1985,0.00281158
mlipp_kd,1908,0.00281438
mlipp_kd,2037,0.00274847
mlipp_kd,2083,0.00273778
mlipp_kd,2031,0.00289493
mlipp_kd,2019,0.00290639
mlipp_kd,1980,0.00284419
mlipp_kd,1964,0.00261332
mlipp_kd,2041,0.00277145
mlipp_kd,2038,0.00248636
mlipp_kd,2028,0.00281103
mlipp_kd,2005,0.00280994
mlipp_kd,2090,0.00277007
mlipp_kd,2030,0.0027483
mlipp_kd,2108,0.0029545
mlipp_kd,2181,0.00250679
mlipp_kd,2047,0.00258592
mlipp_kd,2089,0.00290264
mlipp_kd,2121,0.00281505
mlipp_kd,2073,0.00253873
mlipp_kd,2132,0.00295297
mlipp_kd,2059,0.00294621
mlipp_kd,2162,0.00293766
mlipp_kd,2211,0.00267709
mlipp_kd,2195,0.00299627
mlipp_kd,2164,0.0028387
mlipp_kd,2158,0.00267268
mlipp_kd,2173,0.00286622
mlipp_kd,2171,0.00272101
mlipp_kd,2250,0.00307812
mlipp_kd,2160,0.00275927
mlipp_kd,2169,0.00264652
mlipp_kd,2156,0.0027693
mlipp_kd,2359,0.00275945
mlipp_kd,2247,0.00287661
mlipp_kd,2330,0.0028408
mlipp_kd,2288,0.00307285
mlipp_kd,2304,0.00277168
mlipp_kd,2320,0.00288406
mlipp_kd,2303,0.00264182
mlipp_kd,2295,0.00292548
mlipp_kd,2233,0.00312502
mlipp_kd,2435,0.0031198
mlipp_kd,2306,0.00303029
mlipp_kd,2416,0.00283286
mlipp_kd,2392,0.00308581
mlipp_kd,2396,0.00325536
mlipp_kd,2474,0.00303679
mlipp_kd,2409,0.00276691
mlipp_kd,2402,0.00314737
mlipp_kd,2408,0.0032108
mlipp_kd,2373,0.00285117
mlipp_kd,2549,0.00333576
mlipp_kd,2431,0.00316863
mlipp_kd,2554,0.002793
mlipp_kd,2383,0.00316808
mlipp_kd,2583,0.00325103
mlipp_kd,2503,0.00317473
mlipp_kd,2478,0.00291177
mlipp_kd,2482,0.00326265
mlipp_kd,2533,0.00278742
mlipp_kd,2558,0.00286043
mlipp_kd,2589,0.00350606
mlipp_kd,2579,0.00297554
mlipp_kd,2596,0.0031765
mlipp_kd,2628,0.00279328
mlipp_kd,2594,0.00323305
mlipp_kd,2616,0.00343291
mlipp_kd,2630,0.00324596
mlipp_kd,2628,0.00326233
mlipp_kd,2562,0.00287299
mlipp_kd,2596,0.00284998
mlipp_kd,2664,0.00337903
mlipp_kd,2659,0.00330107
mlipp_kd,2677,0.00308196
mlipp_kd,2623,0.00325071
mlipp_kd,2716,0.00331887
mlipp_kd,2686,0.00320076
mlipp_kd,2646,0.00344336
mlipp_kd,2675,0.00331169
mlipp_kd,2714,0.00306301
mlipp_kd,2732,0.00335006
mlipp_kd,2839,0.00310925
mlipp_kd,2783,0.00347537
mlipp_kd,2764,0.00340837
mlipp_kd,2792,0.00338215
mlipp_kd,2781,0.00338927
mlipp_kd,2914,0.00326985
mlipp_kd,2795,0.00329491
mlipp_kd,2860,0.0033257
mlipp_kd,2841,0.00336007
mlipp_kd,2797,0.00302116
mlipp_kd,2737,0.00327209
mlipp_kd,2885,0.00317698
mlipp_kd,2906,0.00318243
mlipp_kd,2873,0.00309012
mlipp_kd,2940,0.00334547
mlipp_kd,2872,0.00343809
mlipp_kd,2867,0.00315845
mlipp_kd,2916,0.00346147
mlipp_kd,3016,0.00347864
mlipp_kd,2950,0.00331714
mlipp_kd,3079,0.003525
mlipp_kd,2934,0.00359155
mlipp_kd,3043,0.00350913
mlipp_kd,3009,0.00325333
mlipp_kd,3020,0.00353681
mlipp_kd,3064,0.00301835
mlipp_kd,2949,0.00351661
mlipp_kd,2986,0.0035175
mlipp_kd,3073,0.00354891
mlipp_kd,2988,0.00347117
mlipp_kd,3146,0.00353219
mlipp_kd,3128,0.00339776
mlipp_kd,3011,0.0033551
mlipp_kd,3071,0.00320763
mlipp_kd,3028,0.00350372
mlipp_kd,3083,0.00338783
mlipp_kd,3083,0.00321806
mlipp_kd,3135,0.00345224
mlipp_kd,3196,0.00346605
mlipp_kd,3145,0.00311345
mlipp_kd,3247,0.00332849
mlipp_kd,3166,0.00341241
mlipp_kd,3251,0.00326666
mlipp_kd,3155,0.00347993
mlipp_kd,3279,0.00312402
mlipp_kd,3187,0.00367853
mlipp_kd,3154,0.00378999
mlipp_kd,3125,0.00329092
mlipp_kd,3220,0.00368405
mlipp_kd,3104,0.00337378
mlipp_kd,3314,0.00376101
mlipp_kd,3217,0.00364689
mlipp_kd,3226,0.00335441
mlipp_kd,3344,0.0037065
mlipp_kd,3327,0.003702
mlipp_kd,3321,0.00330333
mlipp_kd,3314,0.0036773
mlipp_kd,3347,0.00343374
mlipp_kd,3322,0.00361093
mlipp_kd,3342,0.00333219
mlipp_kd,3432,0.00380853
mlipp_kd,3397,0.0036234
mlipp_kd,3364,0.00345522
mlipp_kd,3254,0.00383545
mlipp_kd,3356,0.00368799
mlipp_kd,3394,0.00343019
mlipp_kd,3423,0.00342308
mlipp_kd,3338,0.00340513
mlipp_kd,3389,0.0032331
mlipp_kd,3449,0.00362168
mlipp_kd,3553,0.0035314
mlipp_kd,3506,0.00355646
mlipp_kd,3574,0.00376606
mlipp_kd,3462,0.00379853
mlipp_kd,3404,0.0034246
mlipp_kd,3550,0.00348916
mlipp_kd,3480,0.00335658
mlipp_kd,3553,0.00339221
mlipp_kd,3548,0.00376336
mlipp_kd,3605,0.00341128
mlipp_kd,3659,0.00333676
mlipp_kd,3697,0.00376187
mlipp_kd,3678,0.00351102
mlipp_kd,3514,0.00387873
mlipp_kd,3575,0.00339398
mlipp_kd,3761,0.00356163
mlipp_kd,3486,0.00372581
mlipp_kd,3629,0.00369881
mlipp_kd,3596,0.00393501
mlipp_kd,3497,0.00388474
mlipp_kd,3619,0.00392318
mlipp_kd,3729,0.00395419
mlipp_kd,3680,0.00366352
mlipp_kd,3735,0.00349776
mlipp_kd,3840,0.00338281
mlipp_kd,3699,0.00351779
mlipp_kd,3579,0.00393839
mlipp_kd,3693,0.00368642
mlipp_kd,3691,0.00392114
mlipp_kd,3717,0.00358168
mlipp_kd,3858,0.00376769
mlipp_kd,3850,0.00401445
mlipp_kd,3802,0.00386082
mlipp_kd,3746,0.00341941
mlipp_kd,3801,0.00379743
mlipp_kd,3823,0.0038281
mlipp_kd,3718,0.00398738
mlipp_kd,3709,0.00375298
mlipp_kd,3756,0.00362864
mlipp_kd,3783,0.00354814
mlipp_kd,3877,0.00407624
mlipp_kd,3918,0.00369592
mlipp_kd,3788,0.00376785
mlipp_kd,3884,0.00379911
mlipp_kd,3937,0.00392904
mlipp_kd,4024,0.00353896
mlipp_kd,3902,0.00400679
mlipp_kd,3829,0.00391793
mlipp_kd,3925,0.00381682
mlipp_kd,3869,0.00359191
mlipp_kd,4078,0.00356318
mlipp_kd,3876,0.00405289
mlipp_kd,3989,0.00352603
mlipp_kd,4064,0.00376447
mlipp_kd,4004,0.00390886
mlipp_kd,3901,0.00392454
mlipp_kd,4023,0.0038865
mlipp_kd,4073,0.00373278
mlipp_kd,4042,0.00356646
mlipp_kd,3924,0.00354726
mlipp_kd,4073,0.00412685
mlipp_kd,4036,0.00420792
mlipp_kd,4060,0.00413706
mlipp_kd,4067,0.00415218
mlipp_kd,4074,0.00409772
mlipp_kd,4048,0.0037275
mlipp_kd,4129,0.00414884
mlipp_kd,4137,0.00356931
mlipp_kd,4200,0.0041331
mlipp_kd,4128,0.00388088
mlipp_kd,4162,0.00415426
mlipp_kd,4107,0.00405602
mlipp_kd,4184,0.0041524
mlipp_kd,4194,0.00397935
mlipp_kd,4158,0.00400632
mlipp_kd,4162,0.00392506
mlipp_kd,4145,0.0039721
mlipp_kd,4160,0.0042573
mlipp_kd,4164,0.00377156
mlipp_kd,4129,0.00427077
mlipp_kd,4373,0.00425215
mlipp_kd,4283,0.00394226
mlipp_kd,4298,0.00401496
mlipp_kd,4340,0.00386575
mlipp_kd,4320,0.00420433
mlipp_kd,4293,0.00412538
mlipp_kd,4336,0.00399939
mlipp_kd,4350,0.00392207
mlipp_kd,4366,0.00363671
mlipp_kd,4291,0.00422384
mlipp_kd,4303,0.00436079
mlipp_kd,4361,0.0042641
mlipp_kd,4391,0.0040328
mlipp_kd,4359,0.00425609
mlipp_kd,4347,0.00395281
mlipp_kd,4360,0.00408376
mlipp_kd,4330,0.00430079
mlipp_kd,4367,0.00408682
mlipp_kd,4340,0.00369066
mlipp_kd,4354,0.00445575
mlipp_kd,4404,0.00413616
mlipp_kd,4479,0.00425717
mlipp_kd,4483,0.00404959
mlipp_kd,4442,0.00414798
mlipp_kd,4491,0.00416693
mlipp_kd,4508,0.00427655
mlipp_kd,4418,0.00395289
mlipp_kd,4524,0.0047031
mlipp_kd,4615,0.00377517
mlipp_kd,4521,0.0043713
mlipp_kd,4690,0.00471426
mlipp_kd,4543,0.00399591
mlipp_kd,4527,0.00423012
mlipp_kd,4694,0.00398005
mlipp_kd,4599,0.00440205
mlipp_kd,4489,0.00446666
mlipp_kd,4707,0.00453158
mlipp_kd,4693,0.00459595
mlipp_kd,4530,0.0046051
mlipp_kd,4685,0.0038527
mlipp_kd,4691,0.00435053
mlipp_kd,4645,0.00387639
mlipp_kd,4874,0.00412214
mlipp_kd,4661,0.00438989
mlipp_kd,4815,0.00441731
mlipp_kd,4753,0.00407911
mlipp_kd,4571,0.00435333
mlipp_kd,4631,0.00442056
mlipp_kd,4623,0.0044802
mlipp_kd,4671,0.00434733
mlipp_kd,4753,0.00442483
mlipp_kd,4750,0.00453017
mlipp_kd,4828,0.00386255
mlipp_kd,4779,0.00471517
mlipp_kd,4788,0.00434092
mlipp_kd,4898,0.00396985
mlipp_kd,4889,0.00452051
mlipp_kd,4896,0.00416667
mlipp_kd,4756,0.00436836
mlipp_kd,4807,0.00431552
mlipp_kd,4849,0.00484464
mlipp_kd,4971,0.00438698
mlipp_kd,4873,0.00421234
mlipp_kd,4976,0.00413842
mlipp_kd,5011,0.00453175
mlipp_kd,4986,0.0041138
mlipp_kd,4949,0.00413573
mlipp_kd,4883,0.00414858
mlipp_kd,4791,0.00441935
mlipp_kd,4856,0.00452688
mlipp_kd,5143,0.0045724
mlipp_kd,5020,0.00403056
mlipp_kd,5013,0.00478635
mlipp_kd,4946,0.00489686
mlipp_kd,4946,0.00418274
mlipp_kd,4959,0.00392257
mlipp_kd,5067,0.00459353
mlipp_kd,4991,0.00422094
mlipp_kd,4949,0.00402289
mlipp_kd,4887,0.00419478
mlipp_kd,5065,0.00402664
mlipp_kd,5157,0.00434986
mlipp_kd,5079,0.00448784
mlipp_kd,5182,0.00444948
mlipp_kd,5087,0.00471353
mlipp_kd,5265,0.00411042
mlipp_kd,5139,0.0046116
mlipp_kd,5045,0.00397057
mlipp_kd,5142,0.00473057
mlipp_kd,5077,0.00414718
mlipp_kd,5240,0.00455162
mlipp_kd,5240,0.00429289
mlipp_kd,5108,0.00456388
mlipp_kd,5354,0.00403822
mlipp_kd,5179,0.00468988
mlipp_kd,5120,0.00403062
mlipp_kd,5175,0.00418727
mlipp_kd,5215,0.00457768
mlipp_kd,5287,0.00448753
mlipp_kd,4996,0.00488487
mlipp_kd,5274,0.00422321
mlipp_kd,5485,0.00410728
mlipp_kd,5426,0.00474253
mlipp_kd,5438,0.00421984
mlipp_kd,5382,0.00475723
mlipp_kd,5398,0.00472926
mlipp_kd,5240,0.00446634
mlipp_kd,5344,0.00497456
mlipp_kd,5398,0.00427189
mlipp_kd,5288,0.00427398
mlipp_kd,5368,0.00482427
mlipp_kd,5360,0.00447646
mlipp_kd,5414,0.00479239
mlipp_kd,5446,0.00475018
mlipp_kd,5363,0.00430114
mlipp_kd,5338,0.00477371
mlipp_kd,5494,0.00440869
mlipp_kd,5428,0.00421033
mlipp_kd,5412,0.00478231
mlipp_kd,5510,0.00429665
mlipp_kd,5475,0.00445255
mlipp_kd,5431,0.00485375
mlipp_kd,5576,0.00459727
mlipp_kd,5531,0.00433593
mlipp_kd,5544,0.00473787
mlipp_kd,5375,0.00489806
mlipp_kd,5507,0.00483405
mlipp_kd,5559,0.00438764
mlipp_kd,5478,0.00414084
mlipp_kd,5488,0.00487202
mlipp_kd,5584,0.00499454
mlipp_kd,5600,0.0048269
mlipp_kd,5618,0.00495885
mlipp_kd,5524,0.00488309
mlipp_kd,5683,0.00489225
mlipp_kd,5565,0.00469443
mlipp_kd,5629,0.00426878
mlipp_kd,5578,0.00466112
mlipp_kd,5665,0.00478625
mlipp_kd,5602,0.00477041
mlipp_kd,5699,0.00464827
mlipp_kd,5794,0.00504087
mlipp_kd,5710,0.00528374
mlipp_kd,5736,0.00480883
mlipp_kd,5713,0.00487152
mlipp_kd,5673,0.00491774
mlipp_kd,5673,0.00492453
mlipp_kd,5718,0.00492195
mlipp_kd,5737,0.00498449
mlipp_kd,5587,0.00469946
mlipp_kd,5728,0.0049675
mlipp_kd,5763,0.00470973
mlipp_kd,5673,0.00477473
mlipp_kd,5721,0.00483532
mlipp_kd,5736,0.00430903
mlipp_kd,5749,0.0048656
mlipp_kd,5811,0.00496616
mlipp_kd,5931,0.00443578
mlipp_kd,5846,0.00450298
mlipp_kd,5728,0.00487959
mlipp_kd,5910,0.00485317
mlipp_kd,5766,0.00500185
mlipp_kd,5922,0.00443341
mlipp_kd,5970,0.00498074
mlipp_kd,5844,0.00481503
mlipp_kd,5969,0.00441764
mlipp_kd,5961,0.00501146
mlipp_kd,5863,0.00519072
mlipp_kd,5984,0.0049777
mlipp_kd,5873,0.00448376
mlipp_kd,6016,0.00468566
mlipp_kd,5902,0.00465794
mlipp_kd,6024,0.00482833
mlipp_kd,6054,0.00535739
mlipp_kd,5972,0.00451475
mlipp_kd,6066,0.00468513
mlipp_kd,5979,0.00459018
mlipp_kd,6035,0.00504841
mlipp_kd,5936,0.00430882
mlipp_kd,6015,0.00431008
mlipp_kd,6098,0.00518031
mlipp_kd,5981,0.00497787
mlipp_kd,6182,0.00437382
mlipp_kd,6175,0.00504826
mlipp_kd,6081,0.00451106
mlipp_kd,6247,0.0046773
mlipp_kd,6227,0.00508444
mlipp_kd,6145,0.0046802
mlipp_kd,6095,0.00525075
mlipp_kd,6195,0.00497664
mlipp_kd,6285,0.00452437
mlipp_kd,6119,0.00507073
mlipp_kd,6263,0.00507636
mlipp_kd,6135,0.00509995
mlipp_kd,6318,0.00449433
mlipp_kd,6169,0.00505775
mlipp_kd,6282,0.00496119
mlipp_kd,6276,0.00525727
mlipp_kd,6146,0.00500112
mlipp_kd,6174,0.00486782
mlipp_kd,6413,0.00517912
mlipp_kd,6378,0.00497908
mlipp_kd,6366,0.00464048
mlipp_kd,6324,0.00447663
mlipp_kd,6274,0.00516944
mlipp_kd,6339,0.00460527
mlipp_kd,6332,0.00465882
mlipp_kd,6282,0.00501742
mlipp_kd,6308,0.00492539
mlipp_kd,6216,0.00447483
mlipp_kd,6463,0.00526982
mlipp_kd,6469,0.00530867
mlipp_kd,6278,0.00460103
mlipp_kd,6338,0.00500068
mlipp_kd,6347,0.00483269
mlipp_kd,6523,0.00454606
mlipp_kd,6422,0.00505781
mlipp_kd,6519,0.00450002
mlipp_kd,6350,0.00535351
mlipp_kd,6243,0.00489119
mlipp_kd,6608,0.00527689
mlipp_kd,6462,0.00473922
mlipp_kd,6549,0.00474173
mlipp_kd,6401,0.00468932
mlipp_kd,6421,0.00483188
mlipp_kd,6540,0.00485664
mlipp_kd,6468,0.00464563
mlipp_kd,6424,0.00538595
mlipp_kd,6544,0.00557317
mlipp_kd,6443,0.00528097
mlipp_kd,6571,0.00456235
mlipp_kd,6586,0.00528282
mlipp_kd,6593,0.00495562
mlipp_kd,6563,0.00520682
mlipp_kd,6640,0.00471145
mlipp_kd,6636,0.00496207
mlipp_kd,6466,0.00494714
mlipp_kd,6520,0.00497175
mlipp_kd,6385,0.00540868
mlipp_kd,6470,0.00458782
mlipp_kd,6801,0.00524555
mlipp_kd,6618,0.00509476
mlipp_kd,6731,0.00530591
mlipp_kd,6729,0.00521578
mlipp_kd,6647,0.00559554
mlipp_kd,6753,0.00472384
mlipp_kd,6532,0.00521603
mlipp_kd,6761,0.00551075
mlipp_kd,6708,0.00681321
mlipp_kd,6550,0.00721345
mlipp_kd,6744,0.00670996
mlipp_kd,6656,0.00624563
mlipp_kd,6853,0.00666812
mlipp_kd,6948,0.00632879
mlipp_kd,6796,0.00550324
mlipp_kd,6848,0.00529417
mlipp_kd,6871,0.00547595
mlipp_kd,6725,0.00495898
mlipp_kd,6782,0.00486059
mlipp_kd,6814,0.00495702
mlipp_kd,6769,0.00544618
mlipp_kd,6982,0.00491821
mlipp_kd,6862,0.00474985
mlipp_kd,6852,0.00544769
mlipp_kd,6987,0.00527425
mlipp_kd,6900,0.00530808
mlipp_kd,6971,0.00485208
mlipp_kd,6962,0.00543852
mlipp_kd,6778,0.00543879
mlipp_kd,6772,0.0054349
mlipp_kd,7028,0.00474648
mlipp_kd,6988,0.00543915
mlipp_kd,7011,0.0051149
mlipp_kd,7034,0.00547251
mlipp_kd,7121,0.00515622
mlipp_kd,7202,0.00479401
mlipp_kd,7075,0.00479926
mlipp_kd,6970,0.00547721
mlipp_kd,6932,0.00510411
mlipp_kd,7122,0.00526078
mlipp_kd,7115,0.0053928
mlipp_kd,7130,0.00541462
mlipp_kd,7325,0.00529348
mlipp_kd,7081,0.00488126
mlipp_kd,7076,0.00549867
mlipp_kd,7089,0.00472229
mlipp_kd,7013,0.00519087
mlipp_kd,7116,0.00493178
mlipp_kd,7113,0.00488366
mlipp_kd,7111,0.00485913
mlipp_kd,7117,0.00543453
mlipp_kd,7256,0.00514523
mlipp_kd,7172,0.00515305
mlipp_kd,7140,0.0053958
mlipp_kd,7027,0.00536939
mlipp_kd,7142,0.00538736
mlipp_kd,7147,0.00537618
mlipp_kd,7143,0.00555329
mlipp_kd,7221,0.00540322
mlipp_kd,7302,0.00532094
mlipp_kd,7274,0.00513696
mlipp_kd,7230,0.00541653
mlipp_kd,7338,0.00508702
mlipp_kd,7328,0.00486554
mlipp_kd,7294,0.00555081
mlipp_kd,7243,0.00525381
mlipp_kd,7259,0.00481431
mlipp_kd,7284,0.00536252
mlipp_kd,7380,0.00553759
mlipp_kd,7287,0.00539326
mlipp_kd,7390,0.00513026
mlipp_kd,7441,0.00574285
mlipp_kd,7366,0.00563131
mlipp_kd,7418,0.00555486
mlipp_kd,7240,0.00535443
mlipp_kd,7418,0.00561124
mlipp_kd,7522,0.00495747
mlipp_kd,7382,0.00561001
mlipp_kd,7326,0.00522722
mlipp_kd,7348,0.00553786
mlipp_kd,7446,0.00563098
mlipp_kd,7635,0.00556836
mlipp_kd,7422,0.00518844
mlipp_kd,7651,0.00511128
mlipp_kd,7472,0.0055624
mlipp_kd,7409,0.00485196
mlipp_kd,7520,0.00554412
mlipp_kd,7516,0.00503944
mlipp_kd,7467,0.00531029
mlipp_kd,7519,0.00549394
mlipp_kd,7552,0.00584493
mlipp_kd,7465,0.0057806
mlipp_kd,7515,0.00566421
mlipp_kd,7493,0.00486866
mlipp_kd,7694,0.00525275
mlipp_kd,7781,0.00566176
mlipp_kd,7650,0.0051448
mlipp_kd,7600,0.00515952
mlipp_kd,7663,0.00522245
mlipp_kd,7587,0.00566296
mlipp_kd,7703,0.0054947
mlipp_kd,7907,0.00576625
mlipp_kd,7665,0.00547092
mlipp_kd,7733,0.00556371
mlipp_kd,7652,0.00508401
mlipp_kd,7841,0.00531533
mlipp_kd,7646,0.00531822
mlipp_kd,7775,0.00547342
mlipp_kd,7698,0.00535791
mlipp_kd,7566,0.00562522
mlipp_kd,7680,0.00547047
mlipp_kd,7722,0.00535667
mlipp_kd,7776,0.00494532
mlipp_kd,7829,0.00509987
mlipp_kd,7900,0.00575527
mlipp_kd,7900,0.00527019
mlipp_kd,7887,0.005664
mlipp_kd,7678,0.00579168
mlipp_kd,7749,0.0054965
mlipp_kd,7798,0.0051175
mlipp_kd,7956,0.00579528
mlipp_kd,7817,0.00544624
mlipp_kd,7838,0.00568789
mlipp_kd,7971,0.0056234
mlipp_kd,7930,0.00579047
mlipp_kd,7936,0.00504405
mlipp_kd,7898,0.00581457
mlipp_kd,7761,0.00566042
mlipp_kd,7918,0.00585169
mlipp_kd,7832,0.0053241
mlipp_kd,7980,0.00544609
mlipp_kd,8074,0.00509508
mlipp_kd,8180,0.00541734
mlipp_kd,7895,0.00574211
mlipp_kd,7875,0.00531766
mlipp_kd,7928,0.00581226
mlipp_kd,7961,0.00522063
mlipp_kd,7934,0.00522363
mlipp_kd,8056,0.00578586
mlipp_kd,7993,0.00560319
mlipp_kd,8180,0.00543305
mlipp_kd,8170,0.0056083
mlipp_kd,8007,0.0050244
mlipp_kd,8066,0.00587505
mlipp_kd,8089,0.00533913
mlipp_kd,8159,0.00580841
mlipp_kd,7982,0.0058044
mlipp_kd,8157,0.00509164
mlipp_kd,8126,0.0055765
mlipp_kd,8121,0.00590445
mlipp_kd,8295,0.00555967
mlipp_kd,8204,0.0059493
mlipp_kd,8257,0.00567903
mlipp_kd,8236,0.00595521
mlipp_kd,8282,0.00541038
mlipp_kd,8100,0.00564277
mlipp_kd,8257,0.00515212
mlipp_kd,8200,0.00553923
mlipp_kd,7968,0.00557845
mlipp_kd,8058,0.00576675
mlipp_kd,8149,0.00525185
mlipp_kd,8318,0.00587925
mlipp_kd,8249,0.00565705
mlipp_kd,8270,0.00565408
mlipp_kd,8174,0.00512775
mlipp_kd,8053,0.00559828
mlipp_kd,8118,0.0058598
mlipp_kd,8111,0.00557371
mlipp_kd,8208,0.00528782
mlipp_kd,8374,0.00599291
mlipp_kd,8392,0.00594913
mlipp_kd,8288,0.00579743
mlipp_kd,8328,0.00602677
mlipp_kd,8427,0.00543075
mlipp_kd,8373,0.00575302
mlipp_kd,8370,0.00590194
mlipp_kd,8438,0.00539271
mlipp_kd,8427,0.00593261
mlipp_kd,8459,0.00588247
mlipp_kd,8322,0.00528438
mlipp_kd,8504,0.00591052
mlipp_kd,8424,0.00569465
mlipp_kd,8438,0.00577148
mlipp_kd,8563,0.00524891
mlipp_kd,8654,0.00606832
mlipp_kd,8499,0.00579473
mlipp_kd,8585,0.00532852
mlipp_kd,8527,0.00521916
mlipp_kd,8638,0.00605189
mlipp_kd,8387,0.00531052
mlipp_kd,8572,0.00610729
mlipp_kd,8646,0.00569837
mlipp_kd,8622,0.00613499
mlipp_kd,8499,0.00570059
mlipp_kd,8727,0.005418
mlipp_kd,8446,0.00543248
mlipp_kd,8557,0.00569887
mlipp_kd,8537,0.00523011
mlipp_kd,8675,0.00600052
mlipp_kd,8613,0.00571638
mlipp_kd,8754,0.0063758
mlipp_kd,8610,0.00544981
mlipp_kd,8719,0.00623305
mlipp_kd,8693,0.00594776
mlipp_kd,8777,0.00555004
mlipp_kd,8593,0.00612865
mlipp_kd,8828,0.00558979
mlipp_kd,8666,0.00628172
mlipp_kd,8580,0.00610834
mlipp_kd,8672,0.00525571
mlipp_kd,8877,0.00564632
mlipp_kd,8743,0.00595887
mlipp_kd,8800,0.00610795
mlipp_kd,8790,0.005882
mlipp_kd,8679,0.00614797
mlipp_kd,8974,0.00571306
mlipp_kd,8828,0.00599675
mlipp_kd,8788,0.00585249
mlipp_kd,8496,0.00547669
mlipp_kd,8891,0.00593996
mlipp_kd,8995,0.00623831
mlipp_kd,8936,0.00576374
mlipp_kd,8872,0.00617246
mlipp_kd,9053,0.00599763
mlipp_kd,9020,0.00562494
mlipp_kd,9025,0.00611315
mlipp_kd,8859,0.00565468
mlipp_kd,8911,0.00599845
mlipp_kd,9035,0.00567511
mlipp_kd,8791,0.00589626
mlipp_kd,9055,0.00542812
mlipp_kd,9118,0.00610227
mlipp_kd,8985,0.00560545
mlipp_kd,9146,0.00559039
mlipp_kd,9031,0.00607946
mlipp_kd,9084,0.00625607
mlipp_kd,8971,0.00561415
mlipp_kd,9011,0.00569159
mlipp_kd,9092,0.00600525
mlipp_kd,8897,0.00628654
mlipp_kd,9049,0.00621608
mlipp_kd,9005,0.00598592
mlipp_kd,8980,0.005942
mlipp_kd,9100,0.00617277
mlipp_kd,9107,0.00585055
mlipp_kd,9050,0.0062016
mlipp_kd,9083,0.0057112
mlipp_kd,9171,0.00573627
mlipp_kd,9067,0.00546411
mlipp_kd,9094,0.0061539
mlipp_kd,9231,0.00602225
mlipp_kd,9166,0.00550119
mlipp_kd,9079,0.00619813
mlipp_kd,9164,0.0062879
mlipp_kd,9192,0.0063008
mlipp_kd,9041,0.00608415
mlipp_kd,9256,0.00587378
mlipp_kd,9371,0.00618984
mlipp_kd,9168,0.00595955
mlipp_kd,9235,0.00554371
mlipp_kd,9279,0.00573931
mlipp_kd,9333,0.00568707
mlipp_kd,9434,0.00570836
mlipp_kd,9336,0.00604314
mlipp_kd,9266,0.00630168
mlipp_kd,9254,0.00598971
mlipp_kd,9022,0.00606906
mlipp_kd,9322,0.00603162
mlipp_kd,9222,0.00585631
mlipp_kd,9321,0.00570342
mlipp_kd,9284,0.00581592
mlipp_kd,9529,0.00635214
mlipp_kd,9302,0.0062435
mlipp_kd,9356,0.00637679
mlipp_kd,9241,0.00570464
mlipp_kd,9213,0.00707691
mlipp_kd,9483,0.00803936
mlipp_kd,9464,0.00812488
mlipp_kd,9451,0.00869302
mlipp_kd,9367,0.00815619
mlipp_kd,9549,0.00754035
mlipp_kd,9623,0.00875897
mlipp_kd,9546,0.00867813
mlipp_kd,9598,0.00863291
mlipp_kd,9518,0.00827202
mlipp_kd,9383,0.00807375
mlipp_kd,9508,0.00792279
mlipp_kd,9570,0.00853299
mlipp_kd,9497,0.00737984
mlipp_kd,9485,0.00867381
mlipp_kd,9501,0.00846071
mlipp_kd,9600,0.00844925
mlipp_kd,9725,0.00787022
mlipp_kd,9607,0.00586385
mlipp_kd,9559,0.00586637
mlipp_kd,9815,0.00633963
mlipp_kd,9547,0.00638155
mlipp_kd,9611,0.0057245
mlipp_kd,9402,0.005819
mlipp_kd,9718,0.00620595
mlipp_kd,9559,0.00592953
mlipp_kd,9493,0.00565712
mlipp_kd,9634,0.00636507
mlipp_kd,9678,0.00599229
mlipp_kd,9320,0.0062151
mlipp_kd,9649,0.00626524
mlipp_kd,9591,0.00647651
mlipp_kd,9690,0.00578628
mlipp_kd,9851,0.0062253
mlipp_kd,9788,0.00599789
mlipp_kd,9827,0.00563558
mlipp_kd,9879,0.00620579
mlipp_kd,9771,0.00625554
mlipp_kd,9847,0.00645784
mlipp_kd,9719,0.00650846
mlipp_kd,9779,0.00628035
mlipp_kd,9947,0.00572146
mlipp_kd,9542,0.00579013
mlipp_kd,9745,0.00570685
mlipp_kd,9940,0.00562087
mlipp_kd,10078,0.00667694
mlipp_kd,9877,0.00645268
mlipp_kd,9871,0.00654957
mlipp_kd,9802,0.00636622
mlipp_kd,9877,0.0061904
mlipp_kd,9887,0.00642886
mlipp_kd,9838,0.00575656
mlipp_kd,9972,0.00639216
mlipp_kd,9861,0.00615553
mlipp_kd,9778,0.00607464
mlipp_zorder,76,0.000357345
mlipp_zorder,98,0.000399711
mlipp_zorder,113,0.000365631
mlipp_zorder,101,0.000421891
mlipp_zorder,80,0.000425754
mlipp_zorder,103,0.00041441
mlipp_zorder,91,0.000363779
mlipp_zorder,93,0.000425307
mlipp_zorder,83,0.000369535
mlipp_zorder,101,0.000431375
mlipp_zorder,192,0.000540469
mlipp_zorder,201,0.000449949
mlipp_zorder,219,0.0006037
mlipp_zorder,218,0.000508478
mlipp_zorder,196,0.000463149
mlipp_zorder,206,0.000579697
mlipp_zorder,224,0.000526152
mlipp_zorder,206,0.000538958
mlipp_zorder,218,0.000574583
mlipp_zorder,208,0.000516083
mlipp_zorder,270,0.000681722
mlipp_zorder,313,0.000584084
mlipp_zorder,279,0.00073607
mlipp_zorder,306,0.00060412
mlipp_zorder,310,0.00067274
mlipp_zorder,315,0.000668929
mlipp_zorder,279,0.000652199
mlipp_zorder,306,0.000691139
mlipp_zorder,296,0.000739864
mlipp_zorder,315,0.00072488
mlipp_zorder,417,0.000830557
mlipp_zorder,396,0.000850811
mlipp_zorder,388,0.000805542
mlipp_zorder,384,0.000719475
mlipp_zorder,414,0.000861261
mlipp_zorder,389,0.000701738
mlipp_zorder,399,0.000700885
mlipp_zorder,406,0.000788196
mlipp_zorder,379,0.000790174
mlipp_zorder,403,0.000763207
mlipp_zorder,544,0.000784292
mlipp_zorder,564,0.00093309
mlipp_zorder,509,0.000949946
mlipp_zorder,482,0.000895131
mlipp_zorder,512,0.000932375
mlipp_zorder,481,0.00089782
mlipp_zorder,468,0.000936131
mlipp_zorder,488,0.000739235
mlipp_zorder,523,0.000935619
mlipp_zorder,549,0.00072643
mlipp_zorder,589,0.000961442
mlipp_zorder,577,0.00105793
mlipp_zorder,606,0.00101911
mlipp_zorder,609,0.000934677
mlipp_zorder,597,0.000894305
mlipp_zorder,573,0.000786111
mlipp_zorder,622,0.000971142
mlipp_zorder,553,0.000879456
mlipp_zorder,569,0.00103018
mlipp_zorder,584,0.00102951
mlipp_zorder,685,0.00103164
mlipp_zorder,656,0.00100766
mlipp_zorder,756,0.00109639
mlipp_zorder,706,0.00111773
mlipp_zorder,691,0.00101251
mlipp_zorder,679,0.00113447
mlipp_zorder,683,0.00104322
mlipp_zorder,715,0.00108274
mlipp_zorder,684,0.00087044
mlipp_zorder,700,0.000974986
mlipp_zorder,831,0.00122209
mlipp_zorder,829,0.00102522
mlipp_zorder,825,0.00122366
mlipp_zorder,748,0.00117166
mlipp_zorder,793,0.000957133
mlipp_zorder,740,0.00113137
mlipp_zorder,828,0.00112991
mlipp_zorder,791,0.0010835
mlipp_zorder,825,0.00121385
mlipp_zorder,812,0.00101932
mlipp_zorder,878,0.000944765
mlipp_zorder,950,0.00119928
mlipp_zorder,905,0.00129247
mlipp_zorder,897,0.00114107
mlipp_zorder,884,0.00128739
mlipp_zorder,837,0.00126785
mlipp_zorder,901,0.00109617
mlipp_zorder,873,0.00122771
mlipp_zorder,902,0.00105537
mlipp_zorder,916,0.00128862
mlipp_zorder,984,0.00131351
mlipp_zorder,1026,0.00123548
mlipp_zorder,1051,0.00133575
mlipp_zorder,968,0.00132919
mlipp_zorder,990,0.00108556
mlipp_zorder,940,0.00116665
mlipp_zorder,991,0.000983344
mlipp_zorder,967,0.00125947
mlipp_zorder,1005,0.00119308
mlipp_zorder,1042,0.0012142
mlipp_zorder,1088,0.00141739
mlipp_zorder,1060,0.00125685
mlipp_zorder,1107,0.0014239
mlipp_zorder,1118,0.00137692
mlipp_zorder,1104,0.00128814
mlipp_zorder,1161,0.00143119
mlipp_zorder,1064,0.00124079
mlipp_zorder,1077,0.00138204
mlipp_zorder,1105,0.00122606
mlipp_zorder,1089,0.00145209
mlipp_zorder,1184,0.00131511
mlipp_zorder,1215,0.00150358
mlipp_zorder,1211,0.00160516
mlipp_zorder,1219,0.00153794
mlipp_zorder,1187,0.00135242
mlipp_zorder,1154,0.00149674
mlipp_zorder,1201,0.00148185
mlipp_zorder,1192,0.00153075
mlipp_zorder,1176,0.00155297
mlipp_zorder,1231,0.00149987
mlipp_zorder,1347,0.00157327
mlipp_zorder,1268,0.00140268
mlipp_zorder,1348,0.00132057
mlipp_zorder,1221,0.00140098
mlipp_zorder,1251,0.00144702
mlipp_zorder,1294,0.00145894
mlipp_zorder,1339,0.00133395
mlipp_zorder,1303,0.00123856
mlipp_zorder,1308,0.00151142
mlipp_zorder,1315,0.00150506
mlipp_zorder,1398,0.00163403
mlipp_zorder,1377,0.00148019
mlipp_zorder,1388,0.00129825
mlipp_zorder,1407,0.0013971
mlipp_zorder,1395,0.00155035
mlipp_zorder,1392,0.00118642
mlipp_zorder,1418,0.0012783
mlipp_zorder,1357,0.001205
mlipp_zorder,1433,0.00138444
mlipp_zorder,1376,0.00130517
mlipp_zorder,1491,0.00136165
mlipp_zorder,1504,0.00168009
mlipp_zorder,1478,0.00164871
mlipp_zorder,1418,0.00164095
mlipp_zorder,1555,0.00152182
mlipp_zorder,1461,0.00165012
mlipp_zorder,1511,0.0016668
mlipp_zorder,1431,0.00169532
mlipp_zorder,1534,0.00137515
mlipp_zorder,1527,0.00142352
mlipp_zorder,1569,0.0018471
mlipp_zorder,1589,0.00151234
mlipp_zorder,1597,0.00168197
mlipp_zorder,1601,0.00175542
mlipp_zorder,1598,0.00167372
mlipp_zorder,1556,0.0018299
mlipp_zorder,1541,0.00169095
mlipp_zorder,1561,0.00159371
mlipp_zorder,1678,0.00165588
mlipp_zorder,1590,0.00154515
mlipp_zorder,1667,0.00172507
mlipp_zorder,1730,0.00183779
mlipp_zorder,1698,0.00166166
mlipp_zorder,1740,0.00148661
mlipp_zorder,1683,0.00185632
mlipp_zorder,1688,0.00143662
mlipp_zorder,1699,0.00166514
mlipp_zorder,1676,0.00166701
mlipp_zorder,1668,0.00128421
mlipp_zorder,1680,0.00151886
mlipp_zorder,1767,0.001628
mlipp_zorder,1783,0.00188297
mlipp_zorder,1766,0.00148538
mlipp_zorder,1757,0.00152641
mlipp_zorder,1854,0.00183501
mlipp_zorder,1795,0.00179853
mlipp_zorder,1777,0.00177699
mlipp_zorder,1804,0.00184956
mlipp_zorder,1809,0.00146432
mlipp_zorder,1797,0.00189119
mlipp_zorder,1888,0.00192191
mlipp_zorder,1858,0.00178908
mlipp_zorder,1892,0.00194018
mlipp_zorder,1885,0.00156576
mlipp_zorder,1890,0.00163367
mlipp_zorder,1882,0.0018129
mlipp_zorder,1888,0.00155843
mlipp_zorder,1869,0.0016637
mlipp_zorder,1985,0.00192466
mlipp_zorder,1908,0.00192772
mlipp_zorder,2037,0.00177935
mlipp_zorder,2083,0.00184931
mlipp_zorder,2031,0.00194477
mlipp_zorder,2019,0.00198752
mlipp_zorder,1980,0.00198257
mlipp_zorder,1964,0.00160046
mlipp_zorder,2041,0.0018194
mlipp_zorder,2038,0.001569
mlipp_zorder,2028,0.00186948
mlipp_zorder,2005,0.00178853
mlipp_zorder,2090,0.00185887
mlipp_zorder,2030,0.00174301
mlipp_zorder,2108,0.00196531
mlipp_zorder,2181,0.00147928
mlipp_zorder,2047,0.00163982
mlipp_zorder,2089,0.00198414
mlipp_zorder,2121,0.00182235
mlipp_zorder,2073,0.00147516
mlipp_zorder,2132,0.00205074
mlipp_zorder,2059,0.00202306
mlipp_zorder,2162,0.00193215
mlipp_zorder,2211,0.00162229
mlipp_zorder,2195,0.00198021
mlipp_zorder,2164,0.00179994
mlipp_zorder,2158,0.00172495
mlipp_zorder,2173,0.00192874
mlipp_zorder,2171,0.00177893
mlipp_zorder,2250,0.0020437
mlipp_zorder,2160,0.00181547
mlipp_zorder,2169,0.00173883
mlipp_zorder,2156,0.00179627
mlipp_zorder,2359,0.00178976
mlipp_zorder,2247,0.00190739
mlipp_zorder,2330,0.00184949
mlipp_zorder,2288,0.00208714
mlipp_zorder,2304,0.00168426
mlipp_zorder,2320,0.00195248
mlipp_zorder,2303,0.00159029
mlipp_zorder,2295,0.00184226
mlipp_zorder,2233,0.00206525
mlipp_zorder,2435,0.00211239
mlipp_zorder,2306,0.00205579
mlipp_zorder,2416,0.00170541
mlipp_zorder,2392,0.00209465
mlipp_zorder,2396,0.00213941
mlipp_zorder,2474,0.00206112
mlipp_zorder,2409,0.00184621
mlipp_zorder,2402,0.00218099
mlipp_zorder,2408,0.00213875
mlipp_zorder,2373,0.00190448
mlipp_zorder,2549,0.00217492
mlipp_zorder,2431,0.00214632
mlipp_zorder,2554,0.00172655
mlipp_zorder,2383,0.00209264
mlipp_zorder,2583,0.00220771
mlipp_zorder,2503,0.00208476
mlipp_zorder,2478,0.0017834
mlipp_zorder,2482,0.0021491
mlipp_zorder,2533,0.00168893
mlipp_zorder,2558,0.00175301
mlipp_zorder,2589,0.00221943
mlipp_zorder,2579,0.00193509
mlipp_zorder,2596,0.0020711
mlipp_zorder,2628,0.00162913
mlipp_zorder,2594,0.00221222
mlipp_zorder,2616,0.00220595
mlipp_zorder,2630,0.00210115
mlipp_zorder,2628,0.00216942
mlipp_zorder,2562,0.00181249
mlipp_zorder,2596,0.00183345
mlipp_zorder,2664,0.00227528
mlipp_zorder,2659,0.00221298
mlipp_zorder,2677,0.00195893
mlipp_zorder,2623,0.00220324
mlipp_zorder,2716,0.00226675
mlipp_zorder,2686,0.00214895
mlipp_zorder,2646,0.00228799
mlipp_zorder,2675,0.00218229
mlipp_zorder,2714,0.00203129
mlipp_zorder,2732,0.00223468
mlipp_zorder,2839,0.00187912
mlipp_zorder,2783,0.00228884
mlipp_zorder,2764,0.0022936
mlipp_zorder,2792,0.00233008
mlipp_zorder,2781,0.00229923
mlipp_zorder,2914,0.00227088
mlipp_zorder,2795,0.00229632
mlipp_zorder,2860,0.00220327
mlipp_zorder,2841,0.0022764
mlipp_zorder,2797,0.00196077
mlipp_zorder,2737,0.00218566
mlipp_zorder,2885,0.00187233
mlipp_zorder,2906,0.00195581
mlipp_zorder,2873,0.00202817
mlipp_zorder,2940,0.00232438
mlipp_zorder,2872,0.00223896
mlipp_zorder,2867,0.00195075
mlipp_zorder,2916,0.00240752
mlipp_zorder,3016,0.00233498
mlipp_zorder,2950,0.00229654
mlipp_zorder,3079,0.00240007
mlipp_zorder,2934,0.0024228
mlipp_zorder,3043,0.0023087
mlipp_zorder,3009,0.0021592
mlipp_zorder,3020,0.00234001
mlipp_zorder,3064,0.00174155
mlipp_zorder,2949,0.00222552
mlipp_zorder,2986,0.0024701
mlipp_zorder,3073,0.00242776
mlipp_zorder,2988,0.00229515
mlipp_zorder,3146,0.00240699
mlipp_zorder,3128,0.00223998
mlipp_zorder,3011,0.00212102
mlipp_zorder,3071,0.00211086
mlipp_zorder,3028,0.00219801
mlipp_zorder,3083,0.00213457
mlipp_zorder,3083,0.00215908
mlipp_zorder,3135,0.00233549
mlipp_zorder,3196,0.00228628
mlipp_zorder,3145,0.00184677
mlipp_zorder,3247,0.00201267
mlipp_zorder,3166,0.00211858
mlipp_zorder,3251,0.00195679
mlipp_zorder,3155,0.00235857
mlipp_zorder,3279,0.00183485
mlipp_zorder,3187,0.00249769
mlipp_zorder,3154,0.0024611
mlipp_zorder,3125,0.00201362
mlipp_zorder,3220,0.00247398
mlipp_zorder,3104,0.00209707
mlipp_zorder,3314,0.00258691
mlipp_zorder,3217,0.00240481
mlipp_zorder,3226,0.00220051
mlipp_zorder,3344,0.0025151
mlipp_zorder,3327,0.00245222
mlipp_zorder,3321,0.00215368
mlipp_zorder,3314,0.00254022
mlipp_zorder,3347,0.00230908
mlipp_zorder,3322,0.00248498
mlipp_zorder,3342,0.00201348
mlipp_zorder,3432,0.00252636
mlipp_zorder,3397,0.00235151
mlipp_zorder,3364,0.0023693
mlipp_zorder,3254,0.00254246
mlipp_zorder,3356,0.00240389
mlipp_zorder,3394,0.00225802
mlipp_zorder,3423,0.00228038
mlipp_zorder,3338,0.00208158
mlipp_zorder,3389,0.00186874
mlipp_zorder,3449,0.00243304
mlipp_zorder,3553,0.00225183
mlipp_zorder,3506,0.00248666
mlipp_zorder,3574,0.00266687
mlipp_zorder,3462,0.00253006
mlipp_zorder,3404,0.00222445
mlipp_zorder,3550,0.00231806
mlipp_zorder,3480,0.00218711
mlipp_zorder,3553,0.00204325
mlipp_zorder,3548,0.00259788
mlipp_zorder,3605,0.00227048
mlipp_zorder,3659,0.0020831
mlipp_zorder,3697,0.00246159
mlipp_zorder,3678,0.00231994
mlipp_zorder,3514,0.00262278
mlipp_zorder,3575,0.00216448
mlipp_zorder,3761,0.00239801
mlipp_zorder,3486,0.00267387
mlipp_zorder,3629,0.00253674
mlipp_zorder,3596,0.00266456
mlipp_zorder,3497,0.00268327
mlipp_zorder,3619,0.00267619
mlipp_zorder,3729,0.00271878
mlipp_zorder,3680,0.00227964
mlipp_zorder,3735,0.00225865
mlipp_zorder,3840,0.00197761
mlipp_zorder,3699,0.00222179
mlipp_zorder,3579,0.00268837
mlipp_zorder,3693,0.00248882
mlipp_zorder,3691,0.00269607
mlipp_zorder,3717,0.00228518
mlipp_zorder,3858,0.00249059
mlipp_zorder,3850,0.0027012
mlipp_zorder,3802,0.0022515
mlipp_zorder,3746,0.00197569
mlipp_zorder,3801,0.00238569
mlipp_zorder,3823,0.00254489
mlipp_zorder,3718,0.00269647
mlipp_zorder,3709,0.00254781
mlipp_zorder,3756,0.00239041
mlipp_zorder,3783,0.00215641
mlipp_zorder,3877,0.00280862
mlipp_zorder,3918,0.00250613
mlipp_zorder,3788,0.00239215
mlipp_zorder,3884,0.00241098
mlipp_zorder,3937,0.00266414
mlipp_zorder,4024,0.0021235
mlipp_zorder,3902,0.00272878
mlipp_zorder,3829,0.00268717
mlipp_zorder,3925,0.0026339
mlipp_zorder,3869,0.00217903
mlipp_zorder,4078,0.00233448
mlipp_zorder,3876,0.00279613
mlipp_zorder,3989,0.0020613
mlipp_zorder,4064,0.00233162
mlipp_zorder,4004,0.00264534
mlipp_zorder,3901,0.00267587
mlipp_zorder,4023,0.00248929
mlipp_zorder,4073,0.00233905
mlipp_zorder,4042,0.00221386
mlipp_zorder,3924,0.00218724
mlipp_zorder,4073,0.00275035
mlipp_zorder,4036,0.0027727
mlipp_zorder,4060,0.00282111
mlipp_zorder,4067,0.00291477
mlipp_zorder,4074,0.00282994
mlipp_zorder,4048,0.00226253
mlipp_zorder,4129,0.00271507
mlipp_zorder,4137,0.00216877
mlipp_zorder,4200,0.0028326
mlipp_zorder,4128,0.00246112
mlipp_zorder,4162,0.0027299
mlipp_zorder,4107,0.00261949
mlipp_zorder,4184,0.00267164
mlipp_zorder,4194,0.0026703
mlipp_zorder,4158,0.00258223
mlipp_zorder,4162,0.00262185
mlipp_zorder,4145,0.00283585
mlipp_zorder,4160,0.00280301
mlipp_zorder,4164,0.00222666
mlipp_zorder,4129,0.00285124
mlipp_zorder,4373,0.00281605
mlipp_zorder,4283,0.00239303
mlipp_zorder,4298,0.002327
mlipp_zorder,4340,0.00235836
mlipp_zorder,4320,0.0025281
mlipp_zorder,4293,0.00278325
mlipp_zorder,4336,0.00245324
mlipp_zorder,4350,0.00248226
mlipp_zorder,4366,0.00220307
mlipp_zorder,4291,0.00281734
mlipp_zorder,4303,0.00286564
mlipp_zorder,4361,0.00275561
mlipp_zorder,4391,0.00254095
mlipp_zorder,4359,0.002789
mlipp_zorder,4347,0.00257936
mlipp_zorder,4360,0.00258872
mlipp_zorder,4330,0.0026742
mlipp_zorder,4367,0.00270888
mlipp_zorder,4340,0.00212238
mlipp_zorder,4354,0.00285454
mlipp_zorder,4404,0.00275545
mlipp_zorder,4479,0.00287756
mlipp_zorder,4483,0.00252038
mlipp_zorder,4442,0.00288532
mlipp_zorder,4491,0.00247945
mlipp_zorder,4508,0.00278936
mlipp_zorder,4418,0.00234651
mlipp_zorder,4524,0.00300534
mlipp_zorder,4615,0.00238419
mlipp_zorder,4521,0.00295225
mlipp_zorder,4690,0.00297358
mlipp_zorder,4543,0.00255899
mlipp_zorder,4527,0.00270397
mlipp_zorder,4694,0.00257446
mlipp_zorder,4599,0.00288429
mlipp_zorder,4489,0.00296198
mlipp_zorder,4707,0.0027833
mlipp_zorder,4693,0.0029802
mlipp_zorder,4530,0.0029991
mlipp_zorder,4685,0.00242856
mlipp_zorder,4691,0.0028716
mlipp_zorder,4645,0.00228496
mlipp_zorder,4874,0.00252964
mlipp_zorder,4661,0.0030028
mlipp_zorder,4815,0.00296104
mlipp_zorder,4753,0.00273494
mlipp_zorder,4571,0.00286464
mlipp_zorder,4631,0.00302598
mlipp_zorder,4623,0.00284445
mlipp_zorder,4671,0.00288492
mlipp_zorder,4753,0.0027541
mlipp_zorder,4750,0.00307327
mlipp_zorder,4828,0.00226587
mlipp_zorder,4779,0.00300815
mlipp_zorder,4788,0.00278543
mlipp_zorder,4898,0.00237686
mlipp_zorder,4889,0.00306525
mlipp_zorder,4896,0.00271454
mlipp_zorder,4756,0.00296878
mlipp_zorder,4807,0.00292332
mlipp_zorder,4849,0.0030589
mlipp_zorder,4971,0.00287061
mlipp_zorder,4873,0.00265752
mlipp_zorder,4976,0.00259345
mlipp_zorder,5011,0.00310972
mlipp_zorder,4986,0.00269785
mlipp_zorder,4949,0.00273115
mlipp_zorder,4883,0.00274904
mlipp_zorder,4791,0.00288643
mlipp_zorder,4856,0.00303689
mlipp_zorder,5143,0.00324242
mlipp_zorder,5020,0.00259498
mlipp_zorder,5013,0.00313683
mlipp_zorder,4946,0.00313275
mlipp_zorder,4946,0.00256543
mlipp_zorder,4959,0.00227701
mlipp_zorder,5067,0.00304502
mlipp_zorder,4991,0.00261763
mlipp_zorder,4949,0.00257591
mlipp_zorder,4887,0.00258439
mlipp_zorder,5065,0.00233437
mlipp_zorder,5157,0.00295729
mlipp_zorder,5079,0.00291074
mlipp_zorder,5182,0.00301029
mlipp_zorder,5087,0.00300584
mlipp_zorder,5265,0.00268959
mlipp_zorder,5139,0.00312277
mlipp_zorder,5045,0.0023104
mlipp_zorder,5142,0.00314332
mlipp_zorder,5077,0.00269372
mlipp_zorder,5240,0.00308732
mlipp_zorder,5240,0.0026424
mlipp_zorder,5108,0.00310836
mlipp_zorder,5354,0.0025279
mlipp_zorder,5179,0.00319284
mlipp_zorder,5120,0.00255912
mlipp_zorder,5175,0.00235164
mlipp_zorder,5215,0.00299104
mlipp_zorder,5287,0.00285804
mlipp_zorder,4996,0.00302414
mlipp_zorder,5274,0.00277185
mlipp_zorder,5485,0.002569
mlipp_zorder,5426,0.00320007
mlipp_zorder,5438,0.0023963
mlipp_zorder,5382,0.00324228
mlipp_zorder,5398,0.00324345
mlipp_zorder,5240,0.00298265
mlipp_zorder,5344,0.00304192
mlipp_zorder,5398,0.00274414
mlipp_zorder,5288,0.00279296
mlipp_zorder,5368,0.00312406
mlipp_zorder,5360,0.00302606
mlipp_zorder,5414,0.00324088
mlipp_zorder,5446,0.00325583
mlipp_zorder,5363,0.00281435
mlipp_zorder,5338,0.00328154
mlipp_zorder,5494,0.00295986
mlipp_zorder,5428,0.00267517
mlipp_zorder,5412,0.00321861
mlipp_zorder,5510,0.00245857
mlipp_zorder,5475,0.00297218
mlipp_zorder,5431,0.00293916
mlipp_zorder,5576,0.00293757
mlipp_zorder,5531,0.00285499
mlipp_zorder,5544,0.00314375
mlipp_zorder,5375,0.00319178
mlipp_zorder,5507,0.00329472
mlipp_zorder,5559,0.00324895
mlipp_zorder,5478,0.00316806
mlipp_zorder,5488,0.00418242
mlipp_zorder,5584,0.00432663
mlipp_zorder,5600,0.00423426
mlipp_zorder,5618,0.00407039
mlipp_zorder,5524,0.00370986
mlipp_zorder,5683,0.00329532
mlipp_zorder,5565,0.00313479
mlipp_zorder,5629,0.00301834
mlipp_zorder,5578,0.00344349
mlipp_zorder,5665,0.00334013
mlipp_zorder,5602,0.00315826
mlipp_zorder,5699,0.00298816
mlipp_zorder,5794,0.00367171
mlipp_zorder,5710,0.00341882
mlipp_zorder,5736,0.00354318
mlipp_zorder,5713,0.00364155
mlipp_zorder,5673,0.003795
mlipp_zorder,5673,0.00337771
mlipp_zorder,5718,0.00355172
mlipp_zorder,5737,0.00350195
mlipp_zorder,5587,0.00327899
mlipp_zorder,5728,0.00355407
mlipp_zorder,5763,0.0029628
mlipp_zorder,5673,0.00303365
mlipp_zorder,5721,0.00331381
mlipp_zorder,5736,0.00264592
mlipp_zorder,5749,0.00341463
mlipp_zorder,5811,0.00342467
mlipp_zorder,5931,0.00291021
mlipp_zorder,5846,0.00305906
mlipp_zorder,5728,0.0035266
mlipp_zorder,5910,0.00346588
mlipp_zorder,5766,0.00370096
mlipp_zorder,5922,0.00291864
mlipp_zorder,5970,0.00329205
mlipp_zorder,5844,0.00329523
mlipp_zorder,5969,0.00323613
mlipp_zorder,5961,0.00345574
mlipp_zorder,5863,0.00350555
mlipp_zorder,5984,0.00346194
mlipp_zorder,5873,0.00297129
mlipp_zorder,6016,0.0032243
mlipp_zorder,5902,0.00328129
mlipp_zorder,6024,0.00331529
mlipp_zorder,6054,0.00326387
mlipp_zorder,5972,0.00275604
mlipp_zorder,6066,0.00314268
mlipp_zorder,5979,0.0031513
mlipp_zorder,6035,0.00369886
mlipp_zorder,5936,0.00259036
mlipp_zorder,6015,0.00251167
mlipp_zorder,6098,0.00350479
mlipp_zorder,5981,0.00361998
mlipp_zorder,6182,0.00259417
mlipp_zorder,6175,0.00346359
mlipp_zorder,6081,0.00294303
mlipp_zorder,6247,0.00278066
mlipp_zorder,6227,0.00349478
mlipp_zorder,6145,0.00279896
mlipp_zorder,6095,0.0034526
mlipp_zorder,6195,0.00339965
mlipp_zorder,6285,0.00269645
mlipp_zorder,6119,0.00321766
mlipp_zorder,6263,0.00346752
mlipp_zorder,6135,0.00362281
mlipp_zorder,6318,0.00285665
mlipp_zorder,6169,0.00300545
mlipp_zorder,6282,0.00372155
mlipp_zorder,6276,0.00352151
mlipp_zorder,6146,0.0033578
mlipp_zorder,6174,0.00330167
mlipp_zorder,6413,0.00349456
mlipp_zorder,6378,0.00333817
mlipp_zorder,6366,0.00281575
mlipp_zorder,6324,0.00279204
mlipp_zorder,6274,0.00345919
mlipp_zorder,6339,0.00284654
mlipp_zorder,6332,0.00288677
mlipp_zorder,6282,0.00330027
mlipp_zorder,6308,0.00276082
mlipp_zorder,6216,0.00296144
mlipp_zorder,6463,0.00352215
mlipp_zorder,6469,0.00350978
mlipp_zorder,6278,0.00315322
mlipp_zorder,6338,0.00340066
mlipp_zorder,6347,0.00319075
mlipp_zorder,6523,0.00268894
mlipp_zorder,6422,0.00285994
mlipp_zorder,6519,0.0028035
mlipp_zorder,6350,0.00352222
mlipp_zorder,6243,0.00331632
mlipp_zorder,6608,0.00357656
mlipp_zorder,6462,0.00290665
mlipp_zorder,6549,0.00290437
mlipp_zorder,6401,0.00304749
mlipp_zorder,6421,0.00298858
mlipp_zorder,6540,0.00319011
mlipp_zorder,6468,0.00279782
mlipp_zorder,6424,0.00358962
mlipp_zorder,6544,0.00382879
mlipp_zorder,6443,0.00358259
mlipp_zorder,6571,0.00266707
mlipp_zorder,6586,0.00330655
mlipp_zorder,6593,0.00335024
mlipp_zorder,6563,0.00351113
mlipp_zorder,6640,0.0027944
mlipp_zorder,6636,0.00323038
mlipp_zorder,6466,0.00329363
mlipp_zorder,6520,0.00307791
mlipp_zorder,6385,0.00333812
mlipp_zorder,6470,0.00273952
mlipp_zorder,6801,0.00352741
mlipp_zorder,6618,0.00348172
mlipp_zorder,6731,0.00358508
mlipp_zorder,6729,0.00365919
mlipp_zorder,6647,0.00363902
mlipp_zorder,6753,0.00290483
mlipp_zorder,6532,0.00354567
mlipp_zorder,6761,0.00360011
mlipp_zorder,6708,0.00352839
mlipp_zorder,6550,0.00362563
mlipp_zorder,6744,0.00333208
mlipp_zorder,6656,0.00318152
mlipp_zorder,6853,0.0031219
mlipp_zorder,6948,0.003568
mlipp_zorder,6796,0.00367499
mlipp_zorder,6848,0.00360598
mlipp_zorder,6871,0.00362929
mlipp_zorder,6725,0.00372173
mlipp_zorder,6782,0.00317441
mlipp_zorder,6814,0.00315131
mlipp_zorder,6769,0.00373352
mlipp_zorder,6982,0.00341994
mlipp_zorder,6862,0.00310643
mlipp_zorder,6852,0.0036724
mlipp_zorder,6987,0.00331417
mlipp_zorder,6900,0.00363103
mlipp_zorder,6971,0.00300324
mlipp_zorder,6962,0.00372781
mlipp_zorder,6778,0.00316578
mlipp_zorder,6772,0.00365351
mlipp_zorder,7028,0.0031498
mlipp_zorder,6988,0.00359061
mlipp_zorder,7011,0.00348609
mlipp_zorder,7034,0.00368633
mlipp_zorder,7121,0.00332461
mlipp_zorder,7202,0.00299806
mlipp_zorder,7075,0.00289039
mlipp_zorder,6970,0.00367875
mlipp_zorder,6932,0.00319752
mlipp_zorder,7122,0.00338852
mlipp_zorder,7115,0.00369436
mlipp_zorder,7130,0.00361229
mlipp_zorder,7325,0.00341501
mlipp_zorder,7081,0.00317615
mlipp_zorder,7076,0.00376717
mlipp_zorder,7089,0.003079
mlipp_zorder,7013,0.00366172
mlipp_zorder,7116,0.00306417
mlipp_zorder,7113,0.00294206
mlipp_zorder,7111,0.00290317
mlipp_zorder,7117,0.00374866
mlipp_zorder,7256,0.00324385
mlipp_zorder,7172,0.00358439
mlipp_zorder,7140,0.00368311
mlipp_zorder,7027,0.0034901
mlipp_zorder,7142,0.00352836
mlipp_zorder,7147,0.00379268
mlipp_zorder,7143,0.00376604
mlipp_zorder,7221,0.00353793
mlipp_zorder,7302,0.00341495
mlipp_zorder,7274,0.00345742
mlipp_zorder,7230,0.00365205
mlipp_zorder,7338,0.00339568
mlipp_zorder,7328,0.00305791
mlipp_zorder,7294,0.00380868
mlipp_zorder,7243,0.00359599
mlipp_zorder,7259,0.00288035
mlipp_zorder,7284,0.00359896
mlipp_zorder,7380,0.00370175
mlipp_zorder,7287,0.00369203
mlipp_zorder,7390,0.00315272
mlipp_zorder,7441,0.00376523
mlipp_zorder,7366,0.00378006
mlipp_zorder,7418,0.00379876
mlipp_zorder,7240,0.00340997
mlipp_zorder,7418,0.0039025
mlipp_zorder,7522,0.0032172
mlipp_zorder,7382,0.00381895
mlipp_zorder,7326,0.00348152
mlipp_zorder,7348,0.00388377
mlipp_zorder,7446,0.00388345
mlipp_zorder,7635,0.00371571
mlipp_zorder,7422,0.00324058
mlipp_zorder,7651,0.00316087
mlipp_zorder,7472,0.00376027
mlipp_zorder,7409,0.00280142
mlipp_zorder,7520,0.00377599
mlipp_zorder,7516,0.0030186
mlipp_zorder,7467,0.00335177
mlipp_zorder,7519,0.00381256
mlipp_zorder,7552,0.00381022
mlipp_zorder,7465,0.00372793
mlipp_zorder,7515,0.0038436
mlipp_zorder,7493,0.00307832
mlipp_zorder,7694,0.00331573
mlipp_zorder,7781,0.00388386
mlipp_zorder,7650,0.00346459
mlipp_zorder,7600,0.00339758
mlipp_zorder,7663,0.00357003
mlipp_zorder,7587,0.00386489
mlipp_zorder,7703,0.00363283
mlipp_zorder,7907,0.00384822
mlipp_zorder,7665,0.00375251
mlipp_zorder,7733,0.00364452
mlipp_zorder,7652,0.00308256
mlipp_zorder,7841,0.0033065
mlipp_zorder,7646,0.00349643
mlipp_zorder,7775,0.00372606
mlipp_zorder,7698,0.00353798
mlipp_zorder,7566,0.00372788
mlipp_zorder,7680,0.00338321
mlipp_zorder,7722,0.00363807
mlipp_zorder,7776,0.00314397
mlipp_zorder,7829,0.00334291
mlipp_zorder,7900,0.00393842
mlipp_zorder,7900,0.003478
mlipp_zorder,7887,0.00389244
mlipp_zorder,7678,0.00410901
mlipp_zorder,7749,0.00374653
mlipp_zorder,7798,0.00307838
mlipp_zorder,7956,0.00398691
mlipp_zorder,7817,0.003548
mlipp_zorder,7838,0.00393119
mlipp_zorder,7971,0.00383344
mlipp_zorder,7930,0.00396452
mlipp_zorder,7936,0.00297764
mlipp_zorder,7898,0.00406732
mlipp_zorder,7761,0.00384926
mlipp_zorder,7918,0.00390563
mlipp_zorder,7832,0.00331401
mlipp_zorder,7980,0.00364466
mlipp_zorder,8074,0.00301726
mlipp_zorder,8180,0.00336548
mlipp_zorder,7895,0.00391593
mlipp_zorder,7875,0.00328555
mlipp_zorder,7928,0.00413937
mlipp_zorder,7961,0.00346281
mlipp_zorder,7934,0.0033272
mlipp_zorder,8056,0.00397811
mlipp_zorder,7993,0.00366662
mlipp_zorder,8180,0.00369788
mlipp_zorder,8170,0.00380388
mlipp_zorder,8007,0.00289668
mlipp_zorder,8066,0.00403802
mlipp_zorder,8089,0.00353706
mlipp_zorder,8159,0.00368445
mlipp_zorder,7982,0.00407098
mlipp_zorder,8157,0.00329265
mlipp_zorder,8126,0.00379917
mlipp_zorder,8121,0.00404838
mlipp_zorder,8295,0.00350659
mlipp_zorder,8204,0.00401482
mlipp_zorder,8257,0.00385549
mlipp_zorder,8236,0.00418074
mlipp_zorder,8282,0.00358124
mlipp_zorder,8100,0.00360711
mlipp_zorder,8257,0.00334185
mlipp_zorder,8200,0.00375066
mlipp_zorder,7968,0.00354419
mlipp_zorder,8058,0.00382617
mlipp_zorder,8149,0.00343404
mlipp_zorder,8318,0.0040173
mlipp_zorder,8249,0.00384493
mlipp_zorder,8270,0.00347842
mlipp_zorder,8174,0.00302724
mlipp_zorder,8053,0.00360751
mlipp_zorder,8118,0.00403666
mlipp_zorder,8111,0.00355288
mlipp_zorder,8208,0.00348611
mlipp_zorder,8374,0.00403269
mlipp_zorder,8392,0.00392196
mlipp_zorder,8288,0.00381241
mlipp_zorder,8328,0.00408371
mlipp_zorder,8427,0.00333469
mlipp_zorder,8373,0.00375406
mlipp_zorder,8370,0.00407175
mlipp_zorder,8438,0.00362934
mlipp_zorder,8427,0.00403957
mlipp_zorder,8459,0.00394991
mlipp_zorder,8322,0.00340231
mlipp_zorder,8504,0.00388078
mlipp_zorder,8424,0.00374448
mlipp_zorder,8438,0.00389536
mlipp_zorder,8563,0.00308796
mlipp_zorder,8654,0.00411012
mlipp_zorder,8499,0.00370824
mlipp_zorder,8585,0.0032839
mlipp_zorder,8527,0.00301464
mlipp_zorder,8638,0.00411931
mlipp_zorder,8387,0.00332169
mlipp_zorder,8572,0.00420104
mlipp_zorder,8646,0.00388966
mlipp_zorder,8622,0.00424815
mlipp_zorder,8499,0.00409883
mlipp_zorder,8727,0.00344205
mlipp_zorder,8446,0.00348666
mlipp_zorder,8557,0.00379602
mlipp_zorder,8537,0.0031847
mlipp_zorder,8675,0.00413895
mlipp_zorder,8613,0.00335757
mlipp_zorder,8754,0.00426431
mlipp_zorder,8610,0.00356053
mlipp_zorder,8719,0.00417673
mlipp_zorder,8693,0.0040371
mlipp_zorder,8777,0.00344899
mlipp_zorder,8593,0.00412534
mlipp_zorder,8828,0.00355295
mlipp_zorder,8666,0.00426387
mlipp_zorder,8580,0.00424656
mlipp_zorder,8672,0.0030937
mlipp_zorder,8877,0.003197
mlipp_zorder,8743,0.00430219
mlipp_zorder,8800,0.00431266
mlipp_zorder,8790,0.00367534
mlipp_zorder,8679,0.00429153
mlipp_zorder,8974,0.00423211
mlipp_zorder,8828,0.00384054
mlipp_zorder,8788,0.0037162
mlipp_zorder,8496,0.00365922
mlipp_zorder,8891,0.00420401
mlipp_zorder,8995,0.0042931
mlipp_zorder,8936,0.00347859
mlipp_zorder,8872,0.00419726
mlipp_zorder,9053,0.00399974
mlipp_zorder,9020,0.00332372
mlipp_zorder,9025,0.00422614
mlipp_zorder,8859,0.00347735
mlipp_zorder,8911,0.00419205
mlipp_zorder,9035,0.0040334
mlipp_zorder,8791,0.00399616
mlipp_zorder,9055,0.00363839
mlipp_zorder,9118,0.0040756
mlipp_zorder,8985,0.00386769
mlipp_zorder,9146,0.00369155
mlipp_zorder,9031,0.00404164
mlipp_zorder,9084,0.0042379
mlipp_zorder,8971,0.00386442
mlipp_zorder,9011,0.00355386
mlipp_zorder,9092,0.0038452
mlipp_zorder,8897,0.00426982
mlipp_zorder,9049,0.00426765
mlipp_zorder,9005,0.00379069
mlipp_zorder,8980,0.00377711
mlipp_zorder,9100,0.0040814
mlipp_zorder,9107,0.0040971
mlipp_zorder,9050,0.00428426
mlipp_zorder,9083,0.00381877
mlipp_zorder,9171,0.00386775
mlipp_zorder,9067,0.00327899
mlipp_zorder,9094,0.00418952
mlipp_zorder,9231,0.00382889
mlipp_zorder,9166,0.00348353
mlipp_zorder,9079,0.00401464
mlipp_zorder,9164,0.00437225
mlipp_zorder,9192,0.0042548
mlipp_zorder,9041,0.00414068
mlipp_zorder,9256,0.00396699
mlipp_zorder,9371,0.00424858
mlipp_zorder,9168,0.00402338
mlipp_zorder,9235,0.00361141
mlipp_zorder,9279,0.00381196
mlipp_zorder,9333,0.00349713
mlipp_zorder,9434,0.0037705
mlipp_zorder,9336,0.0039217
mlipp_zorder,9266,0.00431243
mlipp_zorder,9254,0.00377342
mlipp_zorder,9022,0.00383606
mlipp_zorder,9322,0.00411291
mlipp_zorder,9222,0.00363307
mlipp_zorder,9321,0.00372781
mlipp_zorder,9284,0.00401036
mlipp_zorder,9529,0.00432398
mlipp_zorder,9302,0.0041361
mlipp_zorder,9356,0.00432102
mlipp_zorder,9241,0.00375025
mlipp_zorder,9213,0.00431008
mlipp_zorder,9483,0.00432216
mlipp_zorder,9464,0.00414157
mlipp_zorder,9451,0.00429956
mlipp_zorder,9367,0.00401895
mlipp_zorder,9549,0.00349829
mlipp_zorder,9623,0.00436207
mlipp_zorder,9546,0.00438047
mlipp_zorder,9598,0.00433927
mlipp_zorder,9518,0.00389243
mlipp_zorder,9383,0.00364193
mlipp_zorder,9508,0.00379392
mlipp_zorder,9570,0.00433487
mlipp_zorder,9497,0.00431737
mlipp_zorder,9485,0.00360495
mlipp_zorder,9501,0.00347489
mlipp_zorder,9600,0.00347866
mlipp_zorder,9725,0.00316999
mlipp_zorder,9607,0.00357403
mlipp_zorder,9559,0.00389958
mlipp_zorder,9815,0.00404585
mlipp_zorder,9547,0.00435435
mlipp_zorder,9611,0.00372473
mlipp_zorder,9402,0.00366037
mlipp_zorder,9718,0.00424575
mlipp_zorder,9559,0.00395439
mlipp_zorder,9493,0.00318694
mlipp_zorder,9634,0.004219
mlipp_zorder,9678,0.00400697
mlipp_zorder,9320,0.00399192
mlipp_zorder,9649,0.00405964
mlipp_zorder,9591,0.00438291
mlipp_zorder,9690,0.0038106
mlipp_zorder,9851,0.00420826
mlipp_zorder,9788,0.00408546
mlipp_zorder,9827,0.00348882
mlipp_zorder,9879,0.00401666
mlipp_zorder,9771,0.00424636
mlipp_zorder,9847,0.00441154
mlipp_zorder,9719,0.00441176
mlipp_zorder,9779,0.00427543
mlipp_zorder,9947,0.00371268
mlipp_zorder,9542,0.00378459
mlipp_zorder,9745,0.00339209
mlipp_zorder,9940,0.00338335
mlipp_zorder,10078,0.00452273
mlipp_zorder,9877,0.00442425
mlipp_zorder,9871,0.00446579
mlipp_zorder,9802,0.00416552
mlipp_zorder,9877,0.00397744
mlipp_zorder,9887,0.00452708
mlipp_zorder,9838,0.00362181
mlipp_zorder,9972,0.00436611
mlipp_zorder,9861,0.00393462
mlipp_zorder,9778,0.00380401
kdtree,76,5.13e-06
kdtree,98,4.148e-06
kdtree,113,4.711e-06
kdtree,101,3.157e-06
kdtree,80,3.438e-06
kdtree,103,3.849e-06
kdtree,91,3.313e-06
kdtree,93,5.851e-06
kdtree,83,3.687e-06
kdtree,101,4.066e-06
kdtree,192,5.857e-06
kdtree,201,4.902e-06
kdtree,219,5.598e-06
kdtree,218,5.93e-06
kdtree,196,4.617e-06
kdtree,206,5.062e-06
kdtree,224,5.371e-06
kdtree,206,5.092e-06
kdtree,218,5.98e-06
kdtree,208,4.567e-06
kdtree,270,5.935e-06
kdtree,313,4.368e-06
kdtree,279,6.885e-06
kdtree,306,6.132e-06
kdtree,310,6.612e-06
kdtree,315,7.043e-06
kdtree,279,5.085e-06
kdtree,306,4.113e-06
kdtree,296,4.216e-06
kdtree,315,4.894e-06
kdtree,417,6.563e-06
kdtree,396,6.685e-06
kdtree,388,6.204e-06
kdtree,384,7.262e-06
kdtree,414,5.68e-06
kdtree,389,6.654e-06
kdtree,399,6.823e-06
kdtree,406,6.176e-06
kdtree,379,6.606e-06
kdtree,403,6.359e-06
kdtree,544,8.172e-06
kdtree,564,8.269e-06
kdtree,509,6.077e-06
kdtree,482,7.141e-06
kdtree,512,6.731e-06
kdtree,481,7.914e-06
kdtree,468,6.591e-06
kdtree,488,9.219e-06
kdtree,523,7.079e-06
kdtree,549,6.99e-06
kdtree,589,6.776e-06
kdtree,577,7.529e-06
kdtree,606,8.811e-06
kdtree,609,8.93e-06
kdtree,597,8.375e-06
kdtree,573,7.318e-06
kdtree,622,7.702e-06
kdtree,553,6.687e-06
kdtree,569,6.871e-06
kdtree,584,7.06e-06
kdtree,685,9.6e-06
kdtree,656,7.054e-06
kdtree,756,7.617e-06
kdtree,706,8.006e-06
kdtree,691,1.037e-05
kdtree,679,6.743e-06
kdtree,683,8.351e-06
kdtree,715,8.808e-06
kdtree,684,8.054e-06
kdtree,700,8.158e-06
kdtree,831,8.634e-06
kdtree,829,8.491e-06
kdtree,825,9.917e-06
kdtree,748,8.051e-06
kdtree,793,9.529e-06
kdtree,740,9.336e-06
kdtree,828,9.856e-06
kdtree,791,9.425e-06
kdtree,825,1.0042e-05
kdtree,812,9.257e-06
kdtree,878,9.088e-06
kdtree,950,1.0214e-05
kdtree,905,1.0601e-05
kdtree,897,9.586e-06
kdtree,884,8.24e-06
kdtree,837,8.264e-06
kdtree,901,8.589e-06
kdtree,873,9.697e-06
kdtree,902,1.1083e-05
kdtree,916,1.0474e-05
kdtree,984,1.0373e-05
kdtree,1026,1.0212e-05
kdtree,1051,1.1146e-05
kdtree,968,1.172e-05
kdtree,990,9.492e-06
kdtree,940,8.975e-06
kdtree,991,1.056e-05
kdtree,967,7.926e-06
kdtree,1005,1.1224e-05
kdtree,1042,1.2217e-05
kdtree,1088,1.2513e-05
kdtree,1060,1.0778e-05
kdtree,1107,1.2357e-05
kdtree,1118,1.0497e-05
kdtree,1104,1.0709e-05
kdtree,1161,1.1106e-05
kdtree,1064,8.824e-06
kdtree,1077,1.2267e-05
kdtree,1105,8.868e-06
kdtree,1089,9.143e-06
kdtree,1184,1.0818e-05
kdtree,1215,1.1651e-05
kdtree,1211,1.3866e-05
kdtree,1219,1.1338e-05
kdtree,1187,1.0158e-05
kdtree,1154,1.098e-05
kdtree,1201,1.0745e-05
kdtree,1192,1.3627e-05
kdtree,1176,1.2994e-05
kdtree,1231,1.2068e-05
kdtree,1347,1.0877e-05
kdtree,1268,1.5092e-05
kdtree,1348,1.2319e-05
kdtree,1221,1.214e-05
kdtree,1251,9.268e-06
kdtree,1294,1.1196e-05
kdtree,1339,1.2745e-05
kdtree,1303,1.1392e-05
kdtree,1308,1.198e-05
kdtree,1315,1.3843e-05
kdtree,1398,1.4387e-05
kdtree,1377,1.1789e-05
kdtree,1388,1.1915e-05
kdtree,1407,1.3554e-05
kdtree,1395,1.4217e-05
kdtree,1392,1.2041e-05
kdtree,1418,1.2851e-05
kdtree,1357,1.1572e-05
kdtree,1433,1.1979e-05
kdtree,1376,1.3584e-05
kdtree,1491,1.2597e-05
kdtree,1504,1.2664e-05
kdtree,1478,1.3431e-05
kdtree,1418,1.4076e-05
kdtree,1555,1.236e-05
kdtree,1461,1.3225e-05
kdtree,1511,1.2724e-05
kdtree,1431,1.6692e-05
kdtree,1534,1.2869e-05
kdtree,1527,1.3603e-05
kdtree,1569,1.3836e-05
kdtree,1589,1.4274e-05
kdtree,1597,1.2852e-05
kdtree,1601,1.2991e-05
kdtree,1598,1.4055e-05
kdtree,1556,1.5088e-05
kdtree,1541,1.3547e-05
kdtree,1561,1.4007e-05
kdtree,1678,1.1958e-05
kdtree,1590,1.432e-05
kdtree,1667,1.6358e-05
kdtree,1730,1.4515e-05
kdtree,1698,1.4065e-05
kdtree,1740,1.812e-05
kdtree,1683,1.2552e-05
kdtree,1688,1.1988e-05
kdtree,1699,1.6708e-05
kdtree,1676,1.6492e-05
kdtree,1668,1.1563e-05
kdtree,1680,1.6123e-05
kdtree,1767,1.457e-05
kdtree,1783,1.1976e-05
kdtree,1766,1.5368e-05
kdtree,1757,1.7039e-05
kdtree,1854,1.7526e-05
kdtree,1795,1.5553e-05
kdtree,1777,1.5663e-05
kdtree,1804,1.4944e-05
kdtree,1809,1.6603e-05
kdtree,1797,1.5013e-05
kdtree,1888,1.5683e-05
kdtree,1858,1.843e-05
kdtree,1892,1.4471e-05
kdtree,1885,1.6468e-05
kdtree,1890,1.449e-05
kdtree,1882,1.7377e-05
kdtree,1888,1.6751e-05
kdtree,1869,1.5994e-05
kdtree,1985,1.6707e-05
kdtree,1908,1.6578e-05
kdtree,2037,1.7332e-05
kdtree,2083,1.7018e-05
kdtree,2031,1.7772e-05
kdtree,2019,1.7685e-05
kdtree,1980,1.7881e-05
kdtree,1964,1.842e-05
kdtree,2041,1.551e-05
kdtree,2038,1.6759e-05
kdtree,2028,1.8456e-05
kdtree,2005,1.6082e-05
kdtree,2090,1.5315e-05
kdtree,2030,1.5703e-05
kdtree,2108,2.0234e-05
kdtree,2181,1.8796e-05
kdtree,2047,1.8562e-05
kdtree,2089,1.9624e-05
kdtree,2121,1.623e-05
kdtree,2073,1.6577e-05
kdtree,2132,1.8815e-05
kdtree,2059,1.6501e-05
kdtree,2162,1.4512e-05
kdtree,2211,1.6786e-05
kdtree,2195,1.7863e-05
kdtree,2164,1.5371e-05
kdtree,2158,1.9367e-05
kdtree,2173,1.9587e-05
kdtree,2171,1.7752e-05
kdtree,2250,1.699e-05
kdtree,2160,1.8879e-05
kdtree,2169,1.8111e-05
kdtree,2156,1.7652e-05
kdtree,2359,1.9051e-05
kdtree,2247,1.8779e-05
kdtree,2330,1.8111e-05
kdtree,2288,1.6014e-05
kdtree,2304,2.0282e-05
kdtree,2320,1.7725e-05
kdtree,2303,1.671e-05
kdtree,2295,2.0625e-05
kdtree,2233,1.839e-05
kdtree,2435,1.7575e-05
kdtree,2306,2.157e-05
kdtree,2416,1.8084e-05
kdtree,2392,1.8827e-05
kdtree,2396,2.1306e-05
kdtree,2474,1.7499e-05
kdtree,2409,1.9315e-05
kdtree,2402,1.8277e-05
kdtree,2408,2.1171e-05
kdtree,2373,1.8596e-05
kdtree,2549,1.9644e-05
kdtree,2431,1.8568e-05
kdtree,2554,1.7739e-05
kdtree,2383,1.7997e-05
kdtree,2583,2.1151e-05
kdtree,2503,1.8943e-05
kdtree,2478,1.7741e-05
kdtree,2482,1.9493e-05
kdtree,2533,1.9931e-05
kdtree,2558,2.1461e-05
kdtree,2589,1.876e-05
kdtree,2579,1.9807e-05
kdtree,2596,1.8709e-05
kdtree,2628,2.0211e-05
kdtree,2594,1.8219e-05
kdtree,2616,1.8403e-05
kdtree,2630,1.9417e-05
kdtree,2628,1.9784e-05
kdtree,2562,1.9238e-05
kdtree,2596,1.8718e-05
kdtree,2664,2.2316e-05
kdtree,2659,1.9078e-05
kdtree,2677,1.9555e-05
kdtree,2623,1.9989e-05
kdtree,2716,1.9678e-05
kdtree,2686,2.0139e-05
kdtree,2646,1.904e-05
kdtree,2675,1.9198e-05
kdtree,2714,2.4653e-05
kdtree,2732,1.9449e-05
kdtree,2839,2.0242e-05
kdtree,2783,1.9702e-05
kdtree,2764,1.9601e-05
kdtree,2792,2.1349e-05
kdtree,2781,2.0965e-05
kdtree,2914,2.1674e-05
kdtree,2795,2.1397e-05
kdtree,2860,1.915e-05
kdtree,2841,1.9489e-05
kdtree,2797,1.9741e-05
kdtree,2737,2.2179e-05
kdtree,2885,2.0895e-05
kdtree,2906,2.2424e-05
kdtree,2873,2.313e-05
kdtree,2940,2.2506e-05
kdtree,2872,2.0791e-05
kdtree,2867,2.0866e-05
kdtree,2916,2.0018e-05
kdtree,3016,2.1776e-05
kdtree,2950,2.5595e-05
kdtree,3079,2.1642e-05
kdtree,2934,2.2362e-05
kdtree,3043,2.0055e-05
kdtree,3009,2.3147e-05
kdtree,3020,2.0857e-05
kdtree,3064,2.4211e-05
kdtree,2949,2.028e-05
kdtree,2986,2.2361e-05
kdtree,3073,2.1067e-05
kdtree,2988,2.1939e-05
kdtree,3146,3.8952e-05
kdtree,3128,2.1081e-05
kdtree,3011,2.1689e-05
kdtree,3071,2.347e-05
kdtree,3028,2.5059e-05
kdtree,3083,2.1477e-05
kdtree,3083,2.2944e-05
kdtree,3135,2.3166e-05
kdtree,3196,2.1994e-05
kdtree,3145,2.2305e-05
kdtree,3247,2.5975e-05
kdtree,3166,2.3113e-05
kdtree,3251,2.3467e-05
kdtree,3155,2.1306e-05
kdtree,3279,2.2511e-05
kdtree,3187,2.4229e-05
kdtree,3154,2.2013e-05
kdtree,3125,2.5099e-05
kdtree,3220,2.3087e-05
kdtree,3104,2.3328e-05
kdtree,3314,2.4808e-05
kdtree,3217,2.2093e-05
kdtree,3226,2.1312e-05
kdtree,3344,2.2837e-05
kdtree,3327,2.6149e-05
kdtree,3321,2.5389e-05
kdtree,3314,2.3017e-05
kdtree,3347,2.4031e-05
kdtree,3322,2.5473e-05
kdtree,3342,2.3615e-05
kdtree,3432,2.3002e-05
kdtree,3397,2.3169e-05
kdtree,3364,2.5392e-05
kdtree,3254,2.3038e-05
kdtree,3356,2.3609e-05
kdtree,3394,2.1743e-05
kdtree,3423,2.4686e-05
kdtree,3338,2.4684e-05
kdtree,3389,2.3724e-05
kdtree,3449,2.3994e-05
kdtree,3553,2.3283e-05
kdtree,3506,2.5925e-05
kdtree,3574,2.6504e-05
kdtree,3462,2.4957e-05
kdtree,3404,2.5187e-05
kdtree,3550,2.6192e-05
kdtree,3480,2.5953e-05
kdtree,3553,2.4546e-05
kdtree,3548,2.4036e-05
kdtree,3605,2.29e-05
kdtree,3659,2.5271e-05
kdtree,3697,2.6095e-05
kdtree,3678,2.7765e-05
kdtree,3514,2.4334e-05
kdtree,3575,2.3918e-05
kdtree,3761,2.4784e-05
kdtree,3486,2.5187e-05
kdtree,3629,2.6441e-05
kdtree,3596,2.6611e-05
kdtree,3497,2.3643e-05
kdtree,3619,2.4323e-05
kdtree,3729,2.5882e-05
kdtree,3680,2.5086e-05
kdtree,3735,2.6847e-05
kdtree,3840,2.6346e-05
kdtree,3699,2.7568e-05
kdtree,3579,2.6318e-05
kdtree,3693,2.5593e-05
kdtree,3691,2.4953e-05
kdtree,3717,2.6571e-05
kdtree,3858,2.8643e-05
kdtree,3850,2.6978e-05
kdtree,3802,2.6343e-05
kdtree,3746,2.6482e-05
kdtree,3801,2.7359e-05
kdtree,3823,2.8705e-05
kdtree,3718,2.7246e-05
kdtree,3709,2.6785e-05
kdtree,3756,2.6925e-05
kdtree,3783,2.5796e-05
kdtree,3877,2.6014e-05
kdtree,3918,2.518e-05
kdtree,3788,2.7173e-05
kdtree,3884,2.6327e-05
kdtree,3937,2.6008e-05
kdtree,4024,2.5112e-05
kdtree,3902,2.7741e-05
kdtree,3829,2.7585e-05
kdtree,3925,2.8661e-05
kdtree,3869,2.5938e-05
kdtree,4078,2.8819e-05
kdtree,3876,2.6662e-05
kdtree,3989,2.7512e-05
kdtree,4064,2.7947e-05
kdtree,4004,2.9278e-05
kdtree,3901,2.9287e-05
kdtree,4023,2.8104e-05
kdtree,4073,2.7333e-05
kdtree,4042,2.9107e-05
kdtree,3924,2.8775e-05
kdtree,4073,2.6144e-05
kdtree,4036,2.6834e-05
kdtree,4060,3.1151e-05
kdtree,4067,3.0372e-05
kdtree,4074,2.743e-05
kdtree,4048,2.936e-05
kdtree,4129,2.7772e-05
kdtree,4137,2.8543e-05
kdtree,4200,2.695e-05
kdtree,4128,2.749e-05
kdtree,4162,2.9824e-05
kdtree,4107,2.7094e-05
kdtree,4184,2.9166e-05
kdtree,4194,2.7834e-05
kdtree,4158,2.7054e-05
kdtree,4162,2.814e-05
kdtree,4145,2.998e-05
kdtree,4160,2.7787e-05
kdtree,4164,2.835e-05
kdtree,4129,2.7932e-05
kdtree,4373,3.6802e-05
kdtree,4283,3.0027e-05
kdtree,4298,3.3143e-05
kdtree,4340,3.0996e-05
kdtree,4320,3.0753e-05
kdtree,4293,3.0334e-05
kdtree,4336,2.6582e-05
kdtree,4350,2.8916e-05
kdtree,4366,4.3491e-05
kdtree,4291,2.8096e-05
kdtree,4303,3.278e-05
kdtree,4361,3.1421e-05
kdtree,4391,2.931e-05
kdtree,4359,2.9592e-05
kdtree,4347,3.0465e-05
kdtree,4360,2.9973e-05
kdtree,4330,3.0533e-05
kdtree,4367,3.0188e-05
kdtree,4340,3.1778e-05
kdtree,4354,2.8844e-05
kdtree,4404,3.1623e-05
kdtree,4479,3.0539e-05
kdtree,4483,2.9571e-05
kdtree,4442,3.1555e-05
kdtree,4491,3.0178e-05
kdtree,4508,3.03e-05
kdtree,4418,2.9444e-05
kdtree,4524,3.2564e-05
kdtree,4615,3.3722e-05
kdtree,4521,3.199e-05
kdtree,4690,3.3693e-05
kdtree,4543,3.1937e-05
kdtree,4527,2.9535e-05
kdtree,4694,2.7485e-05
kdtree,4599,2.9457e-05
kdtree,4489,3.4321e-05
kdtree,4707,3.2677e-05
kdtree,4693,3.0374e-05
kdtree,4530,3.1412e-05
kdtree,4685,3.3799e-05
kdtree,4691,3.0773e-05
kdtree,4645,3.1045e-05
kdtree,4874,3.2811e-05
kdtree,4661,3.1988e-05
kdtree,4815,2.9274e-05
kdtree,4753,3.1959e-05
kdtree,4571,3.0721e-05
kdtree,4631,3.0826e-05
kdtree,4623,3.3915e-05
kdtree,4671,3.1108e-05
kdtree,4753,3.008e-05
kdtree,4750,3.3481e-05
kdtree,4828,3.1904e-05
kdtree,4779,3.0187e-05
kdtree,4788,3.2123e-05
kdtree,4898,3.1253e-05
kdtree,4889,3.3943e-05
kdtree,4896,3.3909e-05
kdtree,4756,3.4259e-05
kdtree,4807,3.3604e-05
kdtree,4849,3.509e-05
kdtree,4971,3.1979e-05
kdtree,4873,2.9951e-05
kdtree,4976,3.5677e-05
kdtree,5011,3.2639e-05
kdtree,4986,3.4331e-05
kdtree,4949,3.1067e-05
kdtree,4883,3.0984e-05
kdtree,4791,3.3488e-05
kdtree,4856,3.3509e-05
kdtree,5143,3.565e-05
kdtree,5020,3.2686e-05
kdtree,5013,3.0707e-05
kdtree,4946,3.4957e-05
kdtree,4946,3.222e-05
kdtree,4959,3.1031e-05
kdtree,5067,3.2321e-05
kdtree,4991,3.4167e-05
kdtree,4949,3.7243e-05
kdtree,4887,3.3393e-05
kdtree,5065,3.2237e-05
kdtree,5157,3.2058e-05
kdtree,5079,3.4554e-05
kdtree,5182,3.3741e-05
kdtree,5087,3.1481e-05
kdtree,5265,3.4842e-05
kdtree,5139,3.4273e-05
kdtree,5045,3.3535e-05
kdtree,5142,3.317e-05
kdtree,5077,3.498e-05
kdtree,5240,3.4513e-05
kdtree,5240,3.3001e-05
kdtree,5108,3.3941e-05
kdtree,5354,3.5753e-05
kdtree,5179,3.0906e-05
kdtree,5120,3.3956e-05
kdtree,5175,3.5586e-05
kdtree,5215,3.5815e-05
kdtree,5287,3.4416e-05
kdtree,4996,3.4198e-05
kdtree,5274,3.6084e-05
kdtree,5485,3.6418e-05
kdtree,5426,3.603e-05
kdtree,5438,3.6372e-05
kdtree,5382,3.5267e-05
kdtree,5398,3.5282e-05
kdtree,5240,3.2719e-05
kdtree,5344,4.0271e-05
kdtree,5398,3.6017e-05
kdtree,5288,3.4734e-05
kdtree,5368,3.6069e-05
kdtree,5360,3.6051e-05
kdtree,5414,3.2343e-05
kdtree,5446,3.5446e-05
kdtree,5363,3.4296e-05
kdtree,5338,3.3071e-05
kdtree,5494,3.5234e-05
kdtree,5428,3.516e-05
kdtree,5412,3.5855e-05
kdtree,5510,3.482e-05
kdtree,5475,3.5672e-05
kdtree,5431,3.5457e-05
kdtree,5576,3.6043e-05
kdtree,5531,3.5758e-05
kdtree,5544,3.4734e-05
kdtree,5375,3.6956e-05
kdtree,5507,3.485e-05
kdtree,5559,3.5228e-05
kdtree,5478,3.5673e-05
kdtree,5488,3.87e-05
kdtree,5584,3.7108e-05
kdtree,5600,3.6695e-05
kdtree,5618,3.6664e-05
kdtree,5524,3.466e-05
kdtree,5683,3.7388e-05
kdtree,5565,3.7523e-05
kdtree,5629,3.6862e-05
kdtree,5578,3.575e-05
kdtree,5665,3.6923e-05
kdtree,5602,4.0015e-05
kdtree,5699,3.7213e-05
kdtree,5794,3.617e-05
kdtree,5710,3.7199e-05
kdtree,5736,3.6793e-05
kdtree,5713,3.6393e-05
kdtree,5673,3.5032e-05
kdtree,5673,3.7394e-05
kdtree,5718,3.9216e-05
kdtree,5737,3.5052e-05
kdtree,5587,3.4645e-05
kdtree,5728,3.6559e-05
kdtree,5763,3.7386e-05
kdtree,5673,3.7623e-05
kdtree,5721,3.9198e-05
kdtree,5736,3.5792e-05
kdtree,5749,3.5958e-05
kdtree,5811,3.9945e-05
kdtree,5931,3.6506e-05
kdtree,5846,3.7001e-05
kdtree,5728,3.968e-05
kdtree,5910,3.7074e-05
kdtree,5766,3.5513e-05
kdtree,5922,3.9535e-05
kdtree,5970,3.8606e-05
kdtree,5844,3.6038e-05
kdtree,5969,3.9564e-05
kdtree,5961,3.6273e-05
kdtree,5863,3.5969e-05
kdtree,5984,3.9092e-05
kdtree,5873,3.9102e-05
kdtree,6016,3.6612e-05
kdtree,5902,3.8228e-05
kdtree,6024,3.7256e-05
kdtree,6054,3.6957e-05
kdtree,5972,3.6906e-05
kdtree,6066,3.7342e-05
kdtree,5979,3.9238e-05
kdtree,6035,3.9497e-05
kdtree,5936,3.742e-05
kdtree,6015,3.771e-05
kdtree,6098,3.7995e-05
kdtree,5981,3.9188e-05
kdtree,6182,3.6641e-05
kdtree,6175,3.7473e-05
kdtree,6081,3.9937e-05
kdtree,6247,3.6798e-05
kdtree,6227,3.8569e-05
kdtree,6145,3.6678e-05
kdtree,6095,3.9009e-05
kdtree,6195,3.8096e-05
kdtree,6285,4.0103e-05
kdtree,6119,3.8652e-05
kdtree,6263,3.8728e-05
kdtree,6135,4.0439e-05
kdtree,6318,3.7031e-05
kdtree,6169,4.1043e-05
kdtree,6282,4.148e-05
kdtree,6276,3.8732e-05
kdtree,6146,4.0901e-05
kdtree,6174,3.783e-05
kdtree,6413,4.2843e-05
kdtree,6378,4.5301e-05
kdtree,6366,3.9321e-05
kdtree,6324,4.0618e-05
kdtree,6274,4.0219e-05
kdtree,6339,3.8943e-05
kdtree,6332,4.2209e-05
kdtree,6282,4.3243e-05
kdtree,6308,4.2747e-05
kdtree,6216,3.9434e-05
kdtree,6463,4.1324e-05
kdtree,6469,4.1895e-05
kdtree,6278,4.1011e-05
kdtree,6338,4.0812e-05
kdtree,6347,3.9298e-05
kdtree,6523,3.9414e-05
kdtree,6422,3.7974e-05
kdtree,6519,4.3369e-05
kdtree,6350,4.1095e-05
kdtree,6243,3.9162e-05
kdtree,6608,4.0058e-05
kdtree,6462,3.8394e-05
kdtree,6549,4.1518e-05
kdtree,6401,3.859e-05
kdtree,6421,4.4144e-05
kdtree,6540,4.3386e-05
kdtree,6468,4.1117e-05
kdtree,6424,3.7214e-05
kdtree,6544,4.1874e-05
kdtree,6443,3.9093e-05
kdtree,6571,4.2053e-05
kdtree,6586,4.2574e-05
kdtree,6593,4.2812e-05
kdtree,6563,3.9817e-05
kdtree,6640,4.4609e-05
kdtree,6636,4.1955e-05
kdtree,6466,3.9202e-05
kdtree,6520,4.3841e-05
kdtree,6385,4.0405e-05
kdtree,6470,3.993e-05
kdtree,6801,4.4954e-05
kdtree,6618,3.8368e-05
kdtree,6731,4.3796e-05
kdtree,6729,4.1672e-05
kdtree,6647,4.1853e-05
kdtree,6753,4.3108e-05
kdtree,6532,4.1026e-05
kdtree,6761,3.9305e-05
kdtree,6708,4.1769e-05
kdtree,6550,4.1627e-05
kdtree,6744,4.279e-05
kdtree,6656,4.2304e-05
kdtree,6853,4.3575e-05
kdtree,6948,4.0192e-05
kdtree,6796,3.9995e-05
kdtree,6848,4.4018e-05
kdtree,6871,4.1985e-05
kdtree,6725,4.0253e-05
kdtree,6782,4.2504e-05
kdtree,6814,4.1966e-05
kdtree,6769,4.2507e-05
kdtree,6982,4.3278e-05
kdtree,6862,4.7006e-05
kdtree,6852,4.7225e-05
kdtree,6987,3.9854e-05
kdtree,6900,4.5065e-05
kdtree,6971,4.2558e-05
kdtree,6962,4.236e-05
kdtree,6778,4.2181e-05
kdtree,6772,3.9463e-05
kdtree,7028,4.1279e-05
kdtree,6988,4.2409e-05
kdtree,7011,4.5008e-05
kdtree,7034,4.2527e-05
kdtree,7121,4.3357e-05
kdtree,7202,4.4372e-05
kdtree,7075,4.6008e-05
kdtree,6970,4.5044e-05
kdtree,6932,4.0874e-05
kdtree,7122,4.7722e-05
kdtree,7115,4.378e-05
kdtree,7130,4.3501e-05
kdtree,7325,4.2195e-05
kdtree,7081,4.1589e-05
kdtree,7076,4.4649e-05
kdtree,7089,4.2841e-05
kdtree,7013,4.1125e-05
kdtree,7116,4.676e-05
kdtree,7113,4.6807e-05
kdtree,7111,4.4258e-05
kdtree,7117,4.4204e-05
kdtree,7256,4.5969e-05
kdtree,7172,4.4363e-05
kdtree,7140,4.0259e-05
kdtree,7027,4.3452e-05
kdtree,7142,4.5845e-05
kdtree,7147,4.3441e-05
kdtree,7143,4.0096e-05
kdtree,7221,4.115e-05
kdtree,7302,4.5876e-05
kdtree,7274,4.2019e-05
kdtree,7230,4.6602e-05
kdtree,7338,4.3748e-05
kdtree,7328,4.5085e-05
kdtree,7294,4.5688e-05
kdtree,7243,4.4754e-05
kdtree,7259,4.5383e-05
kdtree,7284,4.5829e-05
kdtree,7380,4.5722e-05
kdtree,7287,4.512e-05
kdtree,7390,4.5783e-05
kdtree,7441,4.5507e-05
kdtree,7366,4.4999e-05
kdtree,7418,4.6935e-05
kdtree,7240,4.3232e-05
kdtree,7418,4.422e-05
kdtree,7522,4.6268e-05
kdtree,7382,4.3729e-05
kdtree,7326,4.8197e-05
kdtree,7348,4.5941e-05
kdtree,7446,4.6012e-05
kdtree,7635,4.6929e-05
kdtree,7422,4.698e-05
kdtree,7651,4.5901e-05
kdtree,7472,4.2286e-05
kdtree,7409,4.4653e-05
kdtree,7520,4.4801e-05
kdtree,7516,4.4308e-05
kdtree,7467,4.6595e-05
kdtree,7519,4.7737e-05
kdtree,7552,4.5679e-05
kdtree,7465,4.381e-05
kdtree,7515,4.452e-05
kdtree,7493,4.7374e-05
kdtree,7694,4.4917e-05
kdtree,7781,4.7416e-05
kdtree,7650,4.6755e-05
kdtree,7600,4.5863e-05
kdtree,7663,4.9779e-05
kdtree,7587,4.7476e-05
kdtree,7703,4.6391e-05
kdtree,7907,4.845e-05
kdtree,7665,4.5699e-05
kdtree,7733,4.8853e-05
kdtree,7652,4.483e-05
kdtree,7841,4.8443e-05
kdtree,7646,4.7269e-05
kdtree,7775,4.7457e-05
kdtree,7698,4.6058e-05
kdtree,7566,4.6784e-05
kdtree,7680,4.7948e-05
kdtree,7722,4.6202e-05
kdtree,7776,5.0471e-05
kdtree,7829,4.7945e-05
kdtree,7900,4.6907e-05
kdtree,7900,4.9289e-05
kdtree,7887,5.0152e-05
kdtree,7678,4.7145e-05
kdtree,7749,4.7781e-05
kdtree,7798,4.7667e-05
kdtree,7956,4.829e-05
kdtree,7817,4.5453e-05
kdtree,7838,4.5373e-05
kdtree,7971,4.4121e-05
kdtree,7930,4.4858e-05
kdtree,7936,5.4754e-05
kdtree,7898,4.6776e-05
kdtree,7761,4.9005e-05
kdtree,7918,4.8154e-05
kdtree,7832,4.9462e-05
kdtree,7980,4.9867e-05
kdtree,8074,5.0217e-05
kdtree,8180,5.1932e-05
kdtree,7895,4.8962e-05
kdtree,7875,4.7596e-05
kdtree,7928,4.6016e-05
kdtree,7961,4.9457e-05
kdtree,7934,4.8395e-05
kdtree,8056,4.802e-05
kdtree,7993,5.0304e-05
kdtree,8180,4.7588e-05
kdtree,8170,4.7627e-05
kdtree,8007,6.2265e-05
kdtree,8066,5.0748e-05
kdtree,8089,5.1981e-05
kdtree,8159,5.0562e-05
kdtree,7982,4.8884e-05
kdtree,8157,4.9204e-05
kdtree,8126,5.0038e-05
kdtree,8121,5.0636e-05
kdtree,8295,4.8644e-05
kdtree,8204,5.1372e-05
kdtree,8257,4.7754e-05
kdtree,8236,4.9881e-05
kdtree,8282,5.515e-05
kdtree,8100,5.2102e-05
kdtree,8257,4.6204e-05
kdtree,8200,5.4116e-05
kdtree,7968,4.7862e-05
kdtree,8058,4.9834e-05
kdtree,8149,5.0439e-05
kdtree,8318,4.6855e-05
kdtree,8249,5.2785e-05
kdtree,8270,5.1404e-05
kdtree,8174,4.9961e-05
kdtree,8053,5.0396e-05
kdtree,8118,5.3992e-05
kdtree,8111,5.0863e-05
kdtree,8208,5.0242e-05
kdtree,8374,5.1033e-05
kdtree,8392,5.1899e-05
kdtree,8288,5.0057e-05
kdtree,8328,5.3806e-05
kdtree,8427,5.4924e-05
kdtree,8373,4.7099e-05
kdtree,8370,5.2967e-05
kdtree,8438,5.3956e-05
kdtree,8427,5.434e-05
kdtree,8459,4.9218e-05
kdtree,8322,5.2264e-05
kdtree,8504,5.1525e-05
kdtree,8424,5.1686e-05
kdtree,8438,5.2916e-05
kdtree,8563,5.4109e-05
kdtree,8654,5.2545e-05
kdtree,8499,5.0344e-05
kdtree,8585,4.9653e-05
kdtree,8527,5.0985e-05
kdtree,8638,5.3858e-05
kdtree,8387,5.2386e-05
kdtree,8572,5.5227e-05
kdtree,8646,4.9201e-05
kdtree,8622,5.0971e-05
kdtree,8499,5.3549e-05
kdtree,8727,5.457e-05
kdtree,8446,4.5975e-05
kdtree,8557,6.3332e-05
kdtree,8537,5.3438e-05
kdtree,8675,5.3884e-05
kdtree,8613,5.4941e-05
kdtree,8754,5.2614e-05
kdtree,8610,5.6394e-05
kdtree,8719,5.4324e-05
kdtree,8693,5.1428e-05
kdtree,8777,5.0656e-05
kdtree,8593,5.1443e-05
kdtree,8828,5.3516e-05
kdtree,8666,5.5185e-05
kdtree,8580,5.2115e-05
kdtree,8672,5.3532e-05
kdtree,8877,5.5345e-05
kdtree,8743,5.3408e-05
kdtree,8800,5.4767e-05
kdtree,8790,5.5474e-05
kdtree,8679,5.378e-05
kdtree,8974,5.331e-05
kdtree,8828,5.4571e-05
kdtree,8788,5.1122e-05
kdtree,8496,5.4336e-05
kdtree,8891,5.2189e-05
kdtree,8995,5.5465e-05
kdtree,8936,5.3697e-05
kdtree,8872,5.6132e-05
kdtree,9053,5.6336e-05
kdtree,9020,5.6871e-05
kdtree,9025,5.7148e-05
kdtree,8859,5.543e-05
kdtree,8911,5.6821e-05
kdtree,9035,5.4525e-05
kdtree,8791,5.2483e-05
kdtree,9055,5.562e-05
kdtree,9118,5.5416e-05
kdtree,8985,5.5357e-05
kdtree,9146,5.4603e-05
kdtree,9031,5.6611e-05
kdtree,9084,5.4259e-05
kdtree,8971,5.4207e-05
kdtree,9011,5.6245e-05
kdtree,9092,5.4451e-05
kdtree,8897,5.1418e-05
kdtree,9049,5.1218e-05
kdtree,9005,5.3064e-05
kdtree,8980,5.5194e-05
kdtree,9100,5.1867e-05
kdtree,9107,5.5152e-05
kdtree,9050,5.6129e-05
kdtree,9083,5.0603e-05
kdtree,9171,5.4785e-05
kdtree,9067,5.7328e-05
kdtree,9094,5.3591e-05
kdtree,9231,5.7057e-05
kdtree,9166,5.5392e-05
kdtree,9079,5.5002e-05
kdtree,9164,5.6075e-05
kdtree,9192,5.7992e-05
kdtree,9041,5.4332e-05
kdtree,9256,5.6247e-05
kdtree,9371,5.692e-05
kdtree,9168,5.6201e-05
kdtree,9235,5.8336e-05
kdtree,9279,5.2878e-05
kdtree,9333,5.6207e-05
kdtree,9434,5.0027e-05
kdtree,9336,6.2094e-05
kdtree,9266,5.6834e-05
kdtree,9254,5.7951e-05
kdtree,9022,5.5989e-05
kdtree,9322,5.5052e-05
kdtree,9222,5.6641e-05
kdtree,9321,5.6594e-05
kdtree,9284,5.83e-05
kdtree,9529,5.7901e-05
kdtree,9302,5.7938e-05
kdtree,9356,5.6131e-05
kdtree,9241,5.4779e-05
kdtree,9213,4.993e-05
kdtree,9483,5.4603e-05
kdtree,9464,5.6397e-05
kdtree,9451,5.4269e-05
kdtree,9367,5.8125e-05
kdtree,9549,5.8198e-05
kdtree,9623,5.6881e-05
kdtree,9546,6.0384e-05
kdtree,9598,5.2178e-05
kdtree,9518,5.6004e-05
kdtree,9383,5.2599e-05
kdtree,9508,6.1637e-05
kdtree,9570,5.2361e-05
kdtree,9497,5.322e-05
kdtree,9485,6.169e-05
kdtree,9501,5.9416e-05
kdtree,9600,5.9758e-05
kdtree,9725,6.0525e-05
kdtree,9607,6.1819e-05
kdtree,9559,6.0116e-05
kdtree,9815,6.0277e-05
kdtree,9547,5.9364e-05
kdtree,9611,5.6901e-05
kdtree,9402,5.7216e-05
kdtree,9718,6.0261e-05
kdtree,9559,6.0938e-05
kdtree,9493,5.9767e-05
kdtree,9634,6.0845e-05
kdtree,9678,5.998e-05
kdtree,9320,5.6628e-05
kdtree,9649,5.8635e-05
kdtree,9591,5.7526e-05
kdtree,9690,5.9952e-05
kdtree,9851,6.0995e-05
kdtree,9788,6.2492e-05
kdtree,9827,6.1164e-05
kdtree,9879,5.9767e-05
kdtree,9771,5.9404e-05
kdtree,9847,6.0117e-05
kdtree,9719,5.7086e-05
kdtree,9779,6.1258e-05
kdtree,9947,6.2441e-05
kdtree,9542,6.0953e-05
kdtree,9745,6.1695e-05
kdtree,9940,5.969e-05
kdtree,10078,6.3795e-05
kdtree,9877,5.915e-05
kdtree,9871,5.7441e-05
kdtree,9802,5.9338e-05
kdtree,9877,5.9252e-05
kdtree,9887,5.9735e-05
kdtree,9838,6.4279e-05
kdtree,9972,6.0747e-05
kdtree,9861,6.0238e-05
kdtree,9778,6.1054e-05
